{"type": "FeatureCollection", "name": "territoire", "crs": {"type": "name", "properties": {"name": "urn:ogc:def:crs:OGC:1.3:CRS84"}}, "features": [{"type": "Feature", "properties": {"nom": "Baillargues", "code": "34022", "population": 7829, "surface": 781.77, "surface_commune_ha": 781.9, "artif_2018-2021_ha": 12.95, "desartif_2018-2021_ha": 7.28, "net_2018-2021_ha": 5.67, "net_2018-2021_pct": 0.725, "artif_2021-2024_ha": 5.52, "desartif_2021-2024_ha": 0.09, "net_2021-2024_ha": 5.43, "net_2021-2024_pct": 0.694, "tendance_ha": -0.24, "ndvi_moyen": 0.351, "part_vegetation_faible_pct": 23.9, "densite_hab_km2": 1002.0, "vulnerabilite_chaleur": 82.3, "risques": "Feu de forêt · Inondation · Mouvement de terrain · Séisme · Tempête", "nb_risques": 5, "tri": null, "sismicite": "2 - FAIBLE"}, "geometry": {"type": "Polygon", "coordinates": [[[4.013441, 43.638996], [4.012442, 43.639362], [4.011561, 43.639502], [4.01011, 43.640132], [4.008274, 43.641664], [4.006636, 43.643807], [4.004626, 43.644685], [4.001885, 43.648101], [4.000539, 43.648301], [3.998182, 43.648926], [3.996213, 43.649837], [3.995218, 43.649396], [3.994601, 43.649312], [3.993946, 43.649361], [3.992824, 43.649725], [3.990793, 43.651204], [3.987819, 43.652148], [3.987159, 43.653105], [3.986255, 43.653817], [3.986122, 43.654455], [3.988353, 43.654236], [3.990315, 43.653764], [3.992175, 43.653548], [3.994071, 43.653675], [3.993492, 43.656406], [3.992892, 43.657483], [3.992591, 43.657314], [3.990363, 43.659035], [3.989673, 43.659869], [3.991582, 43.659547], [3.991955, 43.660495], [3.991081, 43.660747], [3.991321, 43.661104], [3.990721, 43.661458], [3.990882, 43.661745], [3.990361, 43.66184], [3.990235, 43.66224], [3.991297, 43.662493], [3.991367, 43.662682], [3.990964, 43.663232], [3.990606, 43.663246], [3.990514, 43.66379], [3.991912, 43.66402], [3.991334, 43.66564], [3.993019, 43.666021], [3.993164, 43.667076], [4.01568, 43.673899], [4.016157, 43.673965], [4.018967, 43.673346], [4.020147, 43.673755], [4.020789, 43.672977], [4.021941, 43.672102], [4.022353, 43.671484], [4.022564, 43.671357], [4.023161, 43.671372], [4.023474, 43.670108], [4.024366, 43.669294], [4.025308, 43.668004], [4.025239, 43.665793], [4.025761, 43.664427], [4.026458, 43.663815], [4.028327, 43.66359], [4.02905, 43.663234], [4.029353, 43.662827], [4.0294, 43.66237], [4.030454, 43.661798], [4.031028, 43.660599], [4.033243, 43.659176], [4.034215, 43.658299], [4.034312, 43.657436], [4.032142, 43.656808], [4.031695, 43.657617], [4.029721, 43.659538], [4.027364, 43.65983], [4.026296, 43.659454], [4.026507, 43.658797], [4.026359, 43.656949], [4.027478, 43.653628], [4.029995, 43.650929], [4.029737, 43.650659], [4.030956, 43.648896], [4.026368, 43.647927], [4.025351, 43.647855], [4.0231, 43.648202], [4.018025, 43.649552], [4.015512, 43.649935], [4.015167, 43.64925], [4.012883, 43.647419], [4.013441, 43.638996]]]}}, {"type": "Feature", "properties": {"nom": "Beaulieu", "code": "34027", "population": 2264, "surface": 789.21, "surface_commune_ha": 789.3, "artif_2018-2021_ha": 1.24, "desartif_2018-2021_ha": 1.35, "net_2018-2021_ha": -0.11, "net_2018-2021_pct": -0.014, "artif_2021-2024_ha": 0.51, "desartif_2021-2024_ha": 0.0, "net_2021-2024_ha": 0.51, "net_2021-2024_pct": 0.065, "tendance_ha": 0.62, "ndvi_moyen": 0.486, "part_vegetation_faible_pct": 5.2, "densite_hab_km2": 287.0, "vulnerabilite_chaleur": 19.4, "risques": "Feu de forêt · Mouvement de terrain · Séisme · Tempête", "nb_risques": 4, "tri": null, "sismicite": "2 - FAIBLE"}, "geometry": {"type": "Polygon", "coordinates": [[[4.0262, 43.710872], [4.023191, 43.710846], [4.019912, 43.712503], [4.012836, 43.710184], [4.01295, 43.710914], [4.012184, 43.711759], [4.012526, 43.712667], [4.012387, 43.713667], [4.010867, 43.714316], [4.009704, 43.714292], [4.008843, 43.715067], [4.008509, 43.71569], [4.008185, 43.715777], [4.008315, 43.716341], [4.00789, 43.716726], [4.007466, 43.717542], [4.006891, 43.717629], [4.006139, 43.71804], [4.005068, 43.718157], [4.002818, 43.719647], [4.002037, 43.720614], [4.002281, 43.721939], [4.002086, 43.722465], [4.001982, 43.724688], [4.001306, 43.725713], [4.001346, 43.726398], [4.001538, 43.726889], [4.002277, 43.727381], [4.001926, 43.727527], [4.002253, 43.727764], [4.002466, 43.728829], [4.002748, 43.728826], [4.002337, 43.729225], [4.002775, 43.729528], [4.002636, 43.730267], [4.002948, 43.730369], [4.00314, 43.730679], [4.003649, 43.731738], [4.0035, 43.731855], [4.003786, 43.732155], [4.003024, 43.733576], [4.002295, 43.734296], [4.003248, 43.734077], [4.005417, 43.735289], [4.005335, 43.735496], [4.006375, 43.735799], [4.006395, 43.735985], [4.007462, 43.736145], [4.007473, 43.736538], [4.007906, 43.736507], [4.008031, 43.737132], [4.009265, 43.736896], [4.009319, 43.737051], [4.016642, 43.739762], [4.01706, 43.739759], [4.017598, 43.739512], [4.018671, 43.738813], [4.020278, 43.740003], [4.019801, 43.740409], [4.020353, 43.741179], [4.021679, 43.742217], [4.021841, 43.743644], [4.025008, 43.744291], [4.027128, 43.745098], [4.037682, 43.748394], [4.040298, 43.745785], [4.041778, 43.745311], [4.043044, 43.745105], [4.045193, 43.745257], [4.04716, 43.743876], [4.047061, 43.743783], [4.049932, 43.74211], [4.046498, 43.740288], [4.042713, 43.739754], [4.040447, 43.738894], [4.038389, 43.733972], [4.037748, 43.733073], [4.03812, 43.732448], [4.038824, 43.732137], [4.038376, 43.731336], [4.038859, 43.731211], [4.038513, 43.730947], [4.037305, 43.730836], [4.034832, 43.730157], [4.033934, 43.730103], [4.033443, 43.72993], [4.03255, 43.729397], [4.033164, 43.728906], [4.02978, 43.726775], [4.029384, 43.726127], [4.027421, 43.724874], [4.028424, 43.723278], [4.02873, 43.722942], [4.028942, 43.72298], [4.029141, 43.722192], [4.028316, 43.72204], [4.028399, 43.721921], [4.027809, 43.721727], [4.027388, 43.721367], [4.025452, 43.720557], [4.026453, 43.719804], [4.027915, 43.719077], [4.027427, 43.719089], [4.026866, 43.718756], [4.026672, 43.718782], [4.025811, 43.719487], [4.024898, 43.71912], [4.025, 43.718993], [4.023977, 43.718263], [4.022475, 43.717572], [4.0262, 43.710872]]]}}, {"type": "Feature", "properties": {"nom": "Castelnau-le-Lez", "code": "34057", "population": 26058, "surface": 1110.55, "surface_commune_ha": 1110.8, "artif_2018-2021_ha": 6.68, "desartif_2018-2021_ha": 6.15, "net_2018-2021_ha": 0.53, "net_2018-2021_pct": 0.048, "artif_2021-2024_ha": 7.64, "desartif_2021-2024_ha": 0.0, "net_2021-2024_ha": 7.64, "net_2021-2024_pct": 0.688, "tendance_ha": 7.11, "ndvi_moyen": 0.371, "part_vegetation_faible_pct": 16.7, "densite_hab_km2": 2349.0, "vulnerabilite_chaleur": 80.6, "risques": "Feu de forêt · Inondation · Mouvement de terrain · Séisme · Tempête", "nb_risques": 5, "tri": "Montpellier-Lunel-Mauguio", "sismicite": "2 - FAIBLE"}, "geometry": {"type": "Polygon", "coordinates": [[[3.93677, 43.631211], [3.933982, 43.629692], [3.929732, 43.6265], [3.927815, 43.625645], [3.926542, 43.624048], [3.925275, 43.621627], [3.922709, 43.620074], [3.920641, 43.618404], [3.918638, 43.619041], [3.916665, 43.619058], [3.915339, 43.619241], [3.913085, 43.620047], [3.91094, 43.621115], [3.909777, 43.622127], [3.908309, 43.621891], [3.904376, 43.62163], [3.900121, 43.621881], [3.897015, 43.622373], [3.897727, 43.623497], [3.898014, 43.625647], [3.89767, 43.626554], [3.896676, 43.627219], [3.895876, 43.627396], [3.895059, 43.627825], [3.894732, 43.628514], [3.893597, 43.629983], [3.893464, 43.631956], [3.89208, 43.633494], [3.891624, 43.633668], [3.889924, 43.633758], [3.889472, 43.633998], [3.889367, 43.634416], [3.889714, 43.635364], [3.890043, 43.635661], [3.890831, 43.635883], [3.891206, 43.636145], [3.892369, 43.637549], [3.893353, 43.638253], [3.893424, 43.638787], [3.893056, 43.640954], [3.892472, 43.641514], [3.890672, 43.64128], [3.889803, 43.641433], [3.889757, 43.641919], [3.890398, 43.643104], [3.890316, 43.643522], [3.889942, 43.643762], [3.888744, 43.644071], [3.886697, 43.644074], [3.885797, 43.645538], [3.888556, 43.644609], [3.889546, 43.644403], [3.890289, 43.644452], [3.890457, 43.64525], [3.890281, 43.645658], [3.888679, 43.646808], [3.890888, 43.647728], [3.893976, 43.648516], [3.895342, 43.649232], [3.899101, 43.652168], [3.90155, 43.654637], [3.902594, 43.654432], [3.911801, 43.654187], [3.91232, 43.654218], [3.913605, 43.654705], [3.914297, 43.654747], [3.916668, 43.65599], [3.920024, 43.655021], [3.92281, 43.655566], [3.92323, 43.655022], [3.924523, 43.654778], [3.926228, 43.653962], [3.928557, 43.651294], [3.926725, 43.651119], [3.9293, 43.648578], [3.929203, 43.648068], [3.929723, 43.646652], [3.930156, 43.646375], [3.931863, 43.643345], [3.931675, 43.640653], [3.930899, 43.640469], [3.930634, 43.640223], [3.931994, 43.638308], [3.931357, 43.638092], [3.934612, 43.633312], [3.93677, 43.631211]]]}}, {"type": "Feature", "properties": {"nom": "Castries", "code": "34058", "population": 6883, "surface": 2412.12, "surface_commune_ha": 2412.5, "artif_2018-2021_ha": 4.59, "desartif_2018-2021_ha": 4.66, "net_2018-2021_ha": -0.07, "net_2018-2021_pct": -0.003, "artif_2021-2024_ha": 6.49, "desartif_2021-2024_ha": 14.74, "net_2021-2024_ha": -8.25, "net_2021-2024_pct": -0.342, "tendance_ha": -8.18, "ndvi_moyen": 0.487, "part_vegetation_faible_pct": 8.4, "densite_hab_km2": 286.0, "vulnerabilite_chaleur": 35.5, "risques": "Feu de forêt · Inondation · Mouvement de terrain · Séisme · Tempête", "nb_risques": 5, "tri": null, "sismicite": "2 - FAIBLE"}, "geometry": {"type": "Polygon", "coordinates": [[[4.031705, 43.678546], [4.024871, 43.676547], [4.024376, 43.676228], [4.021515, 43.6754], [4.021797, 43.674853], [4.022066, 43.67478], [4.02266, 43.673974], [4.02254, 43.6728], [4.023054, 43.672082], [4.023161, 43.671372], [4.022564, 43.671357], [4.022353, 43.671484], [4.021941, 43.672102], [4.020789, 43.672977], [4.020147, 43.673755], [4.018967, 43.673346], [4.015989, 43.673974], [3.993164, 43.667076], [3.993019, 43.666021], [3.991334, 43.66564], [3.991912, 43.66402], [3.990514, 43.66379], [3.990606, 43.663246], [3.990964, 43.663232], [3.991367, 43.662682], [3.991297, 43.662493], [3.990235, 43.66224], [3.990361, 43.66184], [3.989076, 43.661501], [3.988367, 43.660211], [3.986877, 43.661119], [3.987568, 43.662403], [3.986544, 43.6625], [3.986255, 43.66361], [3.985719, 43.663478], [3.985335, 43.663899], [3.984851, 43.663774], [3.984496, 43.664486], [3.982718, 43.663935], [3.982251, 43.663937], [3.981677, 43.664903], [3.978553, 43.666186], [3.977491, 43.666122], [3.97645, 43.667367], [3.97548, 43.666857], [3.975307, 43.667018], [3.974989, 43.666852], [3.97447, 43.667416], [3.973908, 43.667185], [3.973326, 43.667749], [3.972849, 43.667953], [3.972034, 43.667085], [3.971277, 43.667596], [3.970775, 43.667591], [3.963394, 43.675588], [3.962455, 43.676366], [3.960737, 43.677165], [3.959521, 43.677546], [3.958794, 43.677979], [3.957746, 43.67778], [3.956874, 43.678862], [3.956876, 43.679113], [3.953948, 43.681153], [3.951591, 43.68019], [3.946392, 43.676911], [3.944798, 43.681118], [3.944437, 43.684868], [3.94383, 43.687282], [3.941848, 43.690467], [3.94051, 43.693974], [3.944555, 43.694848], [3.94686, 43.694988], [3.948609, 43.695476], [3.950552, 43.695684], [3.950691, 43.69604], [3.950357, 43.696636], [3.949315, 43.697075], [3.948381, 43.697792], [3.947241, 43.699244], [3.948429, 43.699319], [3.949102, 43.699646], [3.948704, 43.701016], [3.946395, 43.702554], [3.945788, 43.703088], [3.945362, 43.703769], [3.944761, 43.704018], [3.941889, 43.706298], [3.940771, 43.707744], [3.938825, 43.708496], [3.940017, 43.711353], [3.940566, 43.712087], [3.940411, 43.716041], [3.940621, 43.717176], [3.942638, 43.72032], [3.943128, 43.720771], [3.949469, 43.717153], [3.950489, 43.716761], [3.956277, 43.713738], [3.956637, 43.713893], [3.956679, 43.713553], [3.957485, 43.713775], [3.963821, 43.713575], [3.963331, 43.712689], [3.965028, 43.712322], [3.972486, 43.707248], [3.976178, 43.707119], [3.97824, 43.706544], [3.979392, 43.705775], [3.982448, 43.70277], [3.982778, 43.702138], [3.984379, 43.702593], [3.985494, 43.701917], [3.98929, 43.701433], [3.993434, 43.700371], [3.994477, 43.70031], [3.995579, 43.700467], [3.996155, 43.699656], [3.998949, 43.699259], [3.999051, 43.699374], [4.002435, 43.697885], [4.010335, 43.69537], [4.010295, 43.69584], [4.012307, 43.694593], [4.014284, 43.694204], [4.017524, 43.693265], [4.021946, 43.688674], [4.025023, 43.685273], [4.024976, 43.685107], [4.0256, 43.684913], [4.025359, 43.68444], [4.025725, 43.684425], [4.026691, 43.683531], [4.031705, 43.678546]]]}}, {"type": "Feature", "properties": {"nom": "Clapiers", "code": "34077", "population": 6006, "surface": 764.63, "surface_commune_ha": 764.8, "artif_2018-2021_ha": 3.23, "desartif_2018-2021_ha": 1.69, "net_2018-2021_ha": 1.54, "net_2018-2021_pct": 0.201, "artif_2021-2024_ha": 5.12, "desartif_2021-2024_ha": 0.0, "net_2021-2024_ha": 5.12, "net_2021-2024_pct": 0.669, "tendance_ha": 3.58, "ndvi_moyen": 0.493, "part_vegetation_faible_pct": 7.1, "densite_hab_km2": 786.0, "vulnerabilite_chaleur": 51.6, "risques": "Feu de forêt · Inondation · Mouvement de terrain · Séisme · Tempête", "nb_risques": 5, "tri": "Montpellier-Lunel-Mauguio", "sismicite": "2 - FAIBLE"}, "geometry": {"type": "Polygon", "coordinates": [[[3.882746, 43.686305], [3.88333, 43.687656], [3.88372, 43.685548], [3.885027, 43.681477], [3.888604, 43.67544], [3.890866, 43.676543], [3.891581, 43.676718], [3.894653, 43.67733], [3.89737, 43.677483], [3.900846, 43.678131], [3.902108, 43.67496], [3.901489, 43.673043], [3.901943, 43.67094], [3.90175, 43.669626], [3.902747, 43.668129], [3.903423, 43.664545], [3.902216, 43.661206], [3.901652, 43.66012], [3.899991, 43.658037], [3.899082, 43.655916], [3.900575, 43.656492], [3.90155, 43.654637], [3.899101, 43.652168], [3.895342, 43.649232], [3.893976, 43.648516], [3.890888, 43.647728], [3.888679, 43.646808], [3.890281, 43.645658], [3.890457, 43.64525], [3.890289, 43.644452], [3.889546, 43.644403], [3.888556, 43.644609], [3.886052, 43.645548], [3.881935, 43.646263], [3.880446, 43.648467], [3.878781, 43.649321], [3.875942, 43.649057], [3.874781, 43.6485], [3.873143, 43.648514], [3.871318, 43.648025], [3.870456, 43.648669], [3.870377, 43.648929], [3.87152, 43.650365], [3.871048, 43.651302], [3.86971, 43.652423], [3.868329, 43.652501], [3.867057, 43.653425], [3.867786, 43.655366], [3.866612, 43.656551], [3.866825, 43.657343], [3.866797, 43.658903], [3.866542, 43.659467], [3.866106, 43.659678], [3.86657, 43.660249], [3.866628, 43.660659], [3.867267, 43.661249], [3.86751, 43.6608], [3.869163, 43.661834], [3.869735, 43.66203], [3.87086, 43.661998], [3.872621, 43.662644], [3.872624, 43.664936], [3.872959, 43.665601], [3.873721, 43.666463], [3.874733, 43.667263], [3.876384, 43.668003], [3.877909, 43.669649], [3.877453, 43.670177], [3.877112, 43.671045], [3.87871, 43.671222], [3.879324, 43.671478], [3.879947, 43.672003], [3.88149, 43.672857], [3.882569, 43.674082], [3.88264, 43.676359], [3.881703, 43.678817], [3.881686, 43.679529], [3.882019, 43.680589], [3.882814, 43.681693], [3.882382, 43.684117], [3.882746, 43.686305]]]}}, {"type": "Feature", "properties": {"nom": "Cournonsec", "code": "34087", "population": 3616, "surface": 1217.95, "surface_commune_ha": 1218.4, "artif_2018-2021_ha": 6.19, "desartif_2018-2021_ha": 0.71, "net_2018-2021_ha": 5.48, "net_2018-2021_pct": 0.45, "artif_2021-2024_ha": 1.81, "desartif_2021-2024_ha": 1.76, "net_2021-2024_ha": 0.05, "net_2021-2024_pct": 0.004, "tendance_ha": -5.43, "ndvi_moyen": 0.423, "part_vegetation_faible_pct": 9.9, "densite_hab_km2": 297.0, "vulnerabilite_chaleur": 45.2, "risques": "Feu de forêt · Mouvement de terrain · Séisme · Tempête", "nb_risques": 4, "tri": null, "sismicite": "2 - FAIBLE"}, "geometry": {"type": "Polygon", "coordinates": [[[3.723308, 43.519777], [3.722646, 43.519433], [3.721909, 43.518727], [3.721637, 43.518669], [3.719493, 43.519244], [3.7179, 43.51908], [3.717179, 43.518722], [3.716666, 43.518771], [3.715619, 43.517093], [3.714568, 43.517094], [3.713538, 43.517319], [3.712413, 43.51719], [3.711119, 43.517839], [3.711939, 43.518563], [3.712063, 43.519226], [3.712888, 43.520026], [3.714465, 43.521036], [3.715632, 43.521569], [3.715691, 43.52178], [3.715364, 43.52238], [3.714607, 43.523039], [3.711525, 43.524475], [3.710528, 43.525123], [3.709916, 43.525153], [3.708482, 43.526487], [3.70708, 43.526145], [3.70609, 43.525338], [3.705217, 43.525165], [3.704892, 43.52439], [3.703046, 43.524331], [3.701898, 43.523958], [3.699578, 43.5254], [3.699692, 43.525575], [3.698431, 43.526133], [3.694358, 43.528735], [3.694039, 43.528788], [3.693894, 43.528932], [3.694581, 43.52939], [3.69448, 43.529733], [3.693266, 43.530675], [3.688378, 43.533614], [3.687234, 43.534569], [3.683945, 43.536577], [3.683446, 43.536533], [3.680264, 43.538455], [3.678204, 43.540655], [3.677388, 43.54179], [3.675725, 43.544777], [3.675174, 43.546374], [3.672928, 43.547975], [3.674035, 43.54849], [3.674647, 43.548071], [3.676448, 43.549719], [3.677563, 43.55184], [3.67845, 43.554042], [3.680543, 43.557395], [3.685954, 43.559013], [3.689898, 43.561802], [3.690252, 43.56182], [3.691688, 43.561092], [3.69294, 43.560704], [3.693841, 43.560623], [3.69471, 43.560748], [3.695114, 43.560609], [3.695753, 43.560079], [3.696281, 43.560113], [3.697059, 43.560856], [3.697423, 43.560828], [3.698068, 43.560227], [3.69825, 43.559072], [3.69909, 43.558275], [3.699696, 43.558042], [3.700208, 43.55741], [3.702748, 43.556022], [3.703158, 43.555625], [3.70485, 43.555067], [3.705691, 43.554501], [3.706498, 43.55432], [3.707378, 43.553808], [3.708117, 43.553576], [3.70881, 43.553587], [3.709612, 43.553929], [3.710491, 43.553686], [3.713611, 43.552378], [3.714321, 43.55173], [3.715942, 43.550833], [3.716235, 43.55029], [3.715747, 43.549172], [3.717395, 43.548448], [3.716825, 43.547978], [3.716672, 43.547315], [3.717447, 43.54603], [3.717697, 43.545306], [3.717658, 43.544574], [3.718121, 43.543628], [3.718577, 43.543276], [3.719721, 43.543177], [3.721053, 43.541792], [3.720981, 43.54137], [3.722013, 43.540941], [3.723622, 43.538662], [3.724151, 43.538533], [3.724626, 43.536323], [3.728217, 43.534637], [3.729388, 43.533937], [3.730046, 43.534329], [3.730255, 43.534174], [3.731343, 43.531222], [3.729085, 43.529851], [3.730361, 43.528781], [3.731017, 43.52846], [3.729967, 43.527568], [3.731853, 43.526226], [3.730284, 43.52488], [3.729376, 43.524414], [3.728415, 43.524187], [3.726557, 43.522725], [3.726314, 43.52262], [3.726175, 43.522705], [3.724764, 43.521919], [3.72489, 43.52172], [3.724645, 43.521386], [3.723671, 43.521139], [3.723331, 43.520597], [3.723308, 43.519777]]]}}, {"type": "Feature", "properties": {"nom": "Cournonterral", "code": "34088", "population": 7359, "surface": 2883.75, "surface_commune_ha": 2884.8, "artif_2018-2021_ha": 5.88, "desartif_2018-2021_ha": 3.6, "net_2018-2021_ha": 2.28, "net_2018-2021_pct": 0.079, "artif_2021-2024_ha": 10.45, "desartif_2021-2024_ha": 2.48, "net_2021-2024_ha": 7.97, "net_2021-2024_pct": 0.276, "tendance_ha": 5.69, "ndvi_moyen": 0.503, "part_vegetation_faible_pct": 6.8, "densite_hab_km2": 255.0, "vulnerabilite_chaleur": 21.0, "risques": "Feu de forêt · Inondation · Mouvement de terrain · Séisme · Tempête", "nb_risques": 5, "tri": "Montpellier-Lunel-Mauguio", "sismicite": "2 - FAIBLE"}, "geometry": {"type": "Polygon", "coordinates": [[[3.680543, 43.557395], [3.673402, 43.561692], [3.662484, 43.566713], [3.656773, 43.569117], [3.657595, 43.569798], [3.658619, 43.571195], [3.660956, 43.572392], [3.661814, 43.573512], [3.662203, 43.574391], [3.661847, 43.57583], [3.662018, 43.576764], [3.662219, 43.576979], [3.667455, 43.580181], [3.668059, 43.580763], [3.670256, 43.582145], [3.670868, 43.588432], [3.670706, 43.590066], [3.6703, 43.591277], [3.668959, 43.593357], [3.668674, 43.594102], [3.669964, 43.596452], [3.671183, 43.597472], [3.67365, 43.59883], [3.674881, 43.599321], [3.675959, 43.599353], [3.67655, 43.599853], [3.677609, 43.600078], [3.678642, 43.600114], [3.681419, 43.601093], [3.681547, 43.601629], [3.682204, 43.602053], [3.682281, 43.602544], [3.683723, 43.602959], [3.684182, 43.603748], [3.685205, 43.603918], [3.686272, 43.604626], [3.685388, 43.60526], [3.685895, 43.605665], [3.686841, 43.605953], [3.687134, 43.606315], [3.686997, 43.606895], [3.687107, 43.608202], [3.688646, 43.609207], [3.68941, 43.609905], [3.690061, 43.610194], [3.691086, 43.610083], [3.69201, 43.610479], [3.694304, 43.610443], [3.695518, 43.610855], [3.696711, 43.610414], [3.697071, 43.610089], [3.697299, 43.609459], [3.697038, 43.60942], [3.697011, 43.608386], [3.697478, 43.607056], [3.696153, 43.606385], [3.695986, 43.605783], [3.694804, 43.60496], [3.691449, 43.6046], [3.691119, 43.6044], [3.690778, 43.603795], [3.69492, 43.601894], [3.695462, 43.598923], [3.695748, 43.598431], [3.698885, 43.595704], [3.702581, 43.592828], [3.702502, 43.592035], [3.703086, 43.589653], [3.702881, 43.588478], [3.704383, 43.586213], [3.708903, 43.584491], [3.712011, 43.58353], [3.712896, 43.583477], [3.714787, 43.582903], [3.71777, 43.581234], [3.720339, 43.580038], [3.722498, 43.57954], [3.72463, 43.578622], [3.729476, 43.578086], [3.733875, 43.576395], [3.734639, 43.575811], [3.735632, 43.573722], [3.73928, 43.571022], [3.741212, 43.569297], [3.74083, 43.56902], [3.741185, 43.568656], [3.742371, 43.567932], [3.747666, 43.56296], [3.749173, 43.560004], [3.750696, 43.557574], [3.750641, 43.55667], [3.752277, 43.556742], [3.753532, 43.557348], [3.755896, 43.557456], [3.757529, 43.557365], [3.757095, 43.557077], [3.755959, 43.554873], [3.755445, 43.552844], [3.75535, 43.550991], [3.754799, 43.55042], [3.754151, 43.550047], [3.753109, 43.54839], [3.75178, 43.545685], [3.750221, 43.543546], [3.751988, 43.543397], [3.748886, 43.541774], [3.744319, 43.539837], [3.739973, 43.537529], [3.741893, 43.5357], [3.742667, 43.534411], [3.743346, 43.534221], [3.742444, 43.532829], [3.741642, 43.532935], [3.740375, 43.531858], [3.738321, 43.531581], [3.736035, 43.532772], [3.734252, 43.533977], [3.731576, 43.5352], [3.729388, 43.533937], [3.728217, 43.534637], [3.724626, 43.536323], [3.724151, 43.538533], [3.723622, 43.538662], [3.722013, 43.540941], [3.720981, 43.54137], [3.721053, 43.541792], [3.719721, 43.543177], [3.718577, 43.543276], [3.718018, 43.543765], [3.717658, 43.544574], [3.717697, 43.545306], [3.717447, 43.54603], [3.716672, 43.547315], [3.716825, 43.547978], [3.717395, 43.548448], [3.715747, 43.549172], [3.716235, 43.55029], [3.715942, 43.550833], [3.714321, 43.55173], [3.713611, 43.552378], [3.710491, 43.553686], [3.709612, 43.553929], [3.70881, 43.553587], [3.708117, 43.553576], [3.707378, 43.553808], [3.706498, 43.55432], [3.705691, 43.554501], [3.70485, 43.555067], [3.703158, 43.555625], [3.702748, 43.556022], [3.700208, 43.55741], [3.699696, 43.558042], [3.69909, 43.558275], [3.69839, 43.558921], [3.69809, 43.559381], [3.698068, 43.560227], [3.697675, 43.560718], [3.697059, 43.560856], [3.696281, 43.560113], [3.695753, 43.560079], [3.695114, 43.560609], [3.69471, 43.560748], [3.693841, 43.560623], [3.69294, 43.560704], [3.691688, 43.561092], [3.690252, 43.56182], [3.689898, 43.561802], [3.685954, 43.559013], [3.680543, 43.557395]]]}}, {"type": "Feature", "properties": {"nom": "Le Crès", "code": "34090", "population": 9226, "surface": 581.25, "surface_commune_ha": 581.4, "artif_2018-2021_ha": 1.08, "desartif_2018-2021_ha": 0.13, "net_2018-2021_ha": 0.95, "net_2018-2021_pct": 0.163, "artif_2021-2024_ha": 0.02, "desartif_2021-2024_ha": 2.74, "net_2021-2024_ha": -2.72, "net_2021-2024_pct": -0.468, "tendance_ha": -3.67, "ndvi_moyen": 0.356, "part_vegetation_faible_pct": 19.6, "densite_hab_km2": 1589.0, "vulnerabilite_chaleur": 83.9, "risques": "Feu de forêt · Mouvement de terrain · Séisme · Tempête", "nb_risques": 4, "tri": "Montpellier-Lunel-Mauguio", "sismicite": "2 - FAIBLE"}, "geometry": {"type": "Polygon", "coordinates": [[[3.93677, 43.631211], [3.934612, 43.633312], [3.931357, 43.638092], [3.931994, 43.638308], [3.930634, 43.640223], [3.930899, 43.640469], [3.931675, 43.640653], [3.931863, 43.643345], [3.930156, 43.646375], [3.929723, 43.646652], [3.929203, 43.648068], [3.9293, 43.648578], [3.926725, 43.651119], [3.928557, 43.651294], [3.926228, 43.653962], [3.924523, 43.654778], [3.92323, 43.655022], [3.921859, 43.657153], [3.923303, 43.657684], [3.924587, 43.657828], [3.925334, 43.658565], [3.926464, 43.659182], [3.926999, 43.659715], [3.928306, 43.660051], [3.928445, 43.660324], [3.928042, 43.660745], [3.928132, 43.660833], [3.92497, 43.662206], [3.925032, 43.662597], [3.924759, 43.663503], [3.923009, 43.66559], [3.920968, 43.667009], [3.918818, 43.668145], [3.919968, 43.669244], [3.921218, 43.669885], [3.922489, 43.671438], [3.923299, 43.671305], [3.923928, 43.67139], [3.925075, 43.671161], [3.925458, 43.670216], [3.927987, 43.668268], [3.928051, 43.667406], [3.930297, 43.668304], [3.93124, 43.669133], [3.935657, 43.669274], [3.938523, 43.668869], [3.940203, 43.669456], [3.941588, 43.670282], [3.943937, 43.670592], [3.946054, 43.670335], [3.947911, 43.669793], [3.949002, 43.669629], [3.949661, 43.668996], [3.949515, 43.668703], [3.946496, 43.668801], [3.944331, 43.668578], [3.937382, 43.667353], [3.938556, 43.661605], [3.939814, 43.6622], [3.94091, 43.662448], [3.940489, 43.663812], [3.940818, 43.663921], [3.940625, 43.664173], [3.940897, 43.664388], [3.941481, 43.664502], [3.941664, 43.664242], [3.942773, 43.66478], [3.943259, 43.664145], [3.943912, 43.664174], [3.944282, 43.663824], [3.944576, 43.663951], [3.944832, 43.663699], [3.945163, 43.663672], [3.945606, 43.662816], [3.94595, 43.66055], [3.946865, 43.660549], [3.944807, 43.653354], [3.9463, 43.652993], [3.946977, 43.652506], [3.947004, 43.651272], [3.946364, 43.64972], [3.946675, 43.648392], [3.947099, 43.647711], [3.948503, 43.64647], [3.949189, 43.644712], [3.949773, 43.643832], [3.949273, 43.64364], [3.949763, 43.643004], [3.94878, 43.641472], [3.946514, 43.639373], [3.945844, 43.638109], [3.944905, 43.637178], [3.939407, 43.632897], [3.93677, 43.631211]]]}}, {"type": "Feature", "properties": {"nom": "Fabrègues", "code": "34095", "population": 7447, "surface": 3199.01, "surface_commune_ha": 3200.3, "artif_2018-2021_ha": 9.84, "desartif_2018-2021_ha": 0.12, "net_2018-2021_ha": 9.72, "net_2018-2021_pct": 0.304, "artif_2021-2024_ha": 6.8, "desartif_2021-2024_ha": 0.83, "net_2021-2024_ha": 5.97, "net_2021-2024_pct": 0.187, "tendance_ha": -3.75, "ndvi_moyen": 0.458, "part_vegetation_faible_pct": 9.3, "densite_hab_km2": 233.0, "vulnerabilite_chaleur": 33.9, "risques": "Feu de forêt · Inondation · Mouvement de terrain · Séisme · Tempête", "nb_risques": 5, "tri": "Montpellier-Lunel-Mauguio", "sismicite": "2 - FAIBLE"}, "geometry": {"type": "Polygon", "coordinates": [[[3.723308, 43.519777], [3.723331, 43.520597], [3.723671, 43.521139], [3.724645, 43.521386], [3.72489, 43.52172], [3.724764, 43.521919], [3.726175, 43.522705], [3.726314, 43.52262], [3.726557, 43.522725], [3.728415, 43.524187], [3.729376, 43.524414], [3.730284, 43.52488], [3.731853, 43.526226], [3.729967, 43.527568], [3.731017, 43.52846], [3.730361, 43.528781], [3.729085, 43.529851], [3.731343, 43.531222], [3.730662, 43.533354], [3.730046, 43.534329], [3.731576, 43.5352], [3.734252, 43.533977], [3.736035, 43.532772], [3.738321, 43.531581], [3.740375, 43.531858], [3.741642, 43.532935], [3.742444, 43.532829], [3.743346, 43.534221], [3.742667, 43.534411], [3.741893, 43.5357], [3.739973, 43.537529], [3.744319, 43.539837], [3.748886, 43.541774], [3.751988, 43.543397], [3.750221, 43.543546], [3.75178, 43.545685], [3.753109, 43.54839], [3.754151, 43.550047], [3.754799, 43.55042], [3.75535, 43.550991], [3.755445, 43.552844], [3.755959, 43.554873], [3.757244, 43.557245], [3.757507, 43.557431], [3.758529, 43.55749], [3.759958, 43.557272], [3.760335, 43.55679], [3.759824, 43.556233], [3.76028, 43.555957], [3.760438, 43.556043], [3.761143, 43.555762], [3.76231, 43.556495], [3.763344, 43.557922], [3.76392, 43.558298], [3.764726, 43.558187], [3.765274, 43.557314], [3.771244, 43.561322], [3.773051, 43.562195], [3.780929, 43.56769], [3.782029, 43.56824], [3.784192, 43.568817], [3.784572, 43.568716], [3.787692, 43.56651], [3.789847, 43.564636], [3.792312, 43.563094], [3.794306, 43.565062], [3.795206, 43.565009], [3.795583, 43.56485], [3.796369, 43.565883], [3.797502, 43.566151], [3.799534, 43.56515], [3.800629, 43.564858], [3.801424, 43.564285], [3.802223, 43.564129], [3.802652, 43.563875], [3.803445, 43.563745], [3.804367, 43.5638], [3.806934, 43.56227], [3.80665, 43.561335], [3.807036, 43.560268], [3.806975, 43.558493], [3.807321, 43.557825], [3.807946, 43.557731], [3.809106, 43.558028], [3.810344, 43.55867], [3.812039, 43.559944], [3.813556, 43.560071], [3.815194, 43.559592], [3.816205, 43.558571], [3.817022, 43.556814], [3.817903, 43.555601], [3.818838, 43.554822], [3.821223, 43.552105], [3.821918, 43.551525], [3.822702, 43.551197], [3.823303, 43.551197], [3.824143, 43.551568], [3.8223, 43.550034], [3.820231, 43.549555], [3.817399, 43.545517], [3.817137, 43.544379], [3.815917, 43.543318], [3.816257, 43.541125], [3.818044, 43.539676], [3.81829, 43.539128], [3.818182, 43.537717], [3.817127, 43.534756], [3.810422, 43.531566], [3.804904, 43.53173], [3.803845, 43.532472], [3.801526, 43.533209], [3.800878, 43.533282], [3.799573, 43.533156], [3.797553, 43.53229], [3.79679, 43.532346], [3.795102, 43.532023], [3.792599, 43.532066], [3.790563, 43.530849], [3.789645, 43.52928], [3.788241, 43.528328], [3.786342, 43.526629], [3.785109, 43.524798], [3.783857, 43.524122], [3.781584, 43.523665], [3.780561, 43.523189], [3.779583, 43.522659], [3.779265, 43.522016], [3.777447, 43.520308], [3.775683, 43.519871], [3.773248, 43.518743], [3.771634, 43.517752], [3.769846, 43.515811], [3.771539, 43.514919], [3.772792, 43.513993], [3.778081, 43.509453], [3.781389, 43.506848], [3.779059, 43.506061], [3.772286, 43.502532], [3.764698, 43.497998], [3.760391, 43.495706], [3.758104, 43.494748], [3.753522, 43.493614], [3.753169, 43.493659], [3.747263, 43.49954], [3.745857, 43.502291], [3.744208, 43.504784], [3.744084, 43.505214], [3.743575, 43.505766], [3.742268, 43.506145], [3.741093, 43.50725], [3.739469, 43.50823], [3.737921, 43.510124], [3.737178, 43.51053], [3.73435, 43.511305], [3.734315, 43.51151], [3.734674, 43.511912], [3.733396, 43.512401], [3.732429, 43.512582], [3.726788, 43.514851], [3.727126, 43.515351], [3.726949, 43.51555], [3.727359, 43.516319], [3.727516, 43.516275], [3.727952, 43.516791], [3.727841, 43.516879], [3.729478, 43.51851], [3.728874, 43.518861], [3.726069, 43.518894], [3.72542, 43.51842], [3.723308, 43.519777]]]}}, {"type": "Feature", "properties": {"nom": "Grabels", "code": "34116", "population": 9092, "surface": 1658.31, "surface_commune_ha": 1658.7, "artif_2018-2021_ha": 3.78, "desartif_2018-2021_ha": 2.64, "net_2018-2021_ha": 1.14, "net_2018-2021_pct": 0.069, "artif_2021-2024_ha": 30.12, "desartif_2021-2024_ha": 0.82, "net_2021-2024_ha": 29.3, "net_2021-2024_pct": 1.766, "tendance_ha": 28.16, "ndvi_moyen": 0.521, "part_vegetation_faible_pct": 7.0, "densite_hab_km2": 549.0, "vulnerabilite_chaleur": 41.9, "risques": "Feu de forêt · Inondation · Mouvement de terrain · Séisme · Tempête", "nb_risques": 5, "tri": "Montpellier-Lunel-Mauguio", "sismicite": "2 - FAIBLE"}, "geometry": {"type": "Polygon", "coordinates": [[[3.764729, 43.635909], [3.761092, 43.635903], [3.760305, 43.635406], [3.754695, 43.635949], [3.752427, 43.634833], [3.750826, 43.633482], [3.74961, 43.633981], [3.748322, 43.634656], [3.749232, 43.636128], [3.749547, 43.638994], [3.748243, 43.639647], [3.743129, 43.641305], [3.740312, 43.645047], [3.743551, 43.645732], [3.745934, 43.646428], [3.746946, 43.647065], [3.747364, 43.647575], [3.748037, 43.647075], [3.748394, 43.64747], [3.750455, 43.648539], [3.751954, 43.649665], [3.752649, 43.649664], [3.753341, 43.649185], [3.753884, 43.649129], [3.75558, 43.649367], [3.756611, 43.649709], [3.757693, 43.650718], [3.758578, 43.65115], [3.75888, 43.65207], [3.760264, 43.653032], [3.760201, 43.653497], [3.761503, 43.654], [3.761895, 43.655067], [3.762283, 43.65534], [3.762108, 43.655424], [3.763365, 43.656486], [3.763398, 43.656815], [3.763793, 43.656757], [3.764443, 43.656964], [3.766058, 43.656889], [3.766749, 43.656995], [3.767224, 43.657325], [3.76731, 43.657789], [3.7698, 43.658629], [3.771205, 43.662273], [3.773828, 43.661872], [3.775091, 43.661122], [3.782838, 43.662968], [3.780868, 43.665985], [3.783087, 43.6659], [3.785847, 43.666499], [3.787167, 43.666495], [3.787324, 43.666241], [3.787236, 43.664889], [3.787861, 43.664447], [3.789258, 43.664001], [3.789854, 43.66338], [3.79026, 43.662512], [3.789757, 43.661734], [3.790814, 43.661161], [3.790903, 43.660816], [3.791938, 43.660432], [3.793625, 43.660209], [3.796175, 43.660303], [3.797915, 43.659959], [3.79862, 43.659975], [3.799841, 43.659191], [3.800241, 43.659181], [3.801241, 43.659519], [3.802386, 43.660274], [3.805783, 43.663632], [3.809027, 43.666087], [3.812216, 43.666515], [3.81218, 43.667105], [3.813045, 43.666319], [3.816278, 43.664991], [3.817085, 43.664859], [3.818055, 43.66495], [3.818548, 43.665196], [3.820342, 43.6654], [3.821245, 43.665361], [3.827447, 43.666673], [3.830609, 43.662492], [3.831425, 43.658761], [3.832343, 43.657112], [3.833025, 43.656154], [3.83498, 43.654571], [3.835914, 43.653294], [3.835958, 43.652811], [3.837098, 43.651429], [3.837691, 43.650864], [3.838537, 43.65038], [3.837955, 43.650041], [3.838249, 43.649137], [3.837588, 43.647558], [3.837064, 43.647235], [3.836623, 43.646626], [3.836952, 43.645968], [3.835722, 43.645598], [3.835808, 43.645076], [3.835547, 43.644821], [3.835756, 43.644425], [3.835737, 43.643828], [3.835552, 43.643592], [3.835683, 43.642544], [3.832581, 43.643633], [3.831004, 43.643976], [3.830714, 43.643176], [3.828971, 43.640912], [3.8287, 43.640328], [3.828003, 43.64018], [3.828034, 43.639782], [3.826933, 43.638959], [3.824543, 43.638089], [3.823929, 43.638552], [3.824293, 43.638808], [3.823215, 43.639677], [3.824146, 43.640123], [3.821552, 43.641648], [3.820194, 43.641737], [3.820487, 43.642418], [3.821494, 43.642019], [3.821995, 43.642007], [3.822358, 43.642458], [3.822357, 43.643154], [3.822698, 43.643287], [3.823446, 43.643244], [3.821068, 43.644144], [3.821818, 43.643508], [3.8214, 43.643336], [3.820796, 43.643355], [3.819057, 43.64404], [3.818236, 43.644071], [3.816188, 43.643015], [3.812961, 43.641865], [3.811263, 43.64062], [3.810444, 43.640607], [3.809799, 43.640897], [3.808977, 43.640823], [3.807776, 43.639772], [3.80779, 43.638807], [3.806815, 43.638643], [3.805125, 43.638671], [3.804109, 43.638049], [3.802459, 43.637645], [3.801963, 43.637609], [3.801412, 43.637938], [3.800303, 43.637258], [3.799687, 43.636442], [3.797212, 43.63715], [3.795725, 43.637788], [3.792449, 43.638866], [3.789329, 43.639412], [3.78871, 43.639791], [3.788492, 43.639746], [3.78776, 43.640264], [3.783561, 43.64134], [3.782132, 43.641917], [3.777499, 43.642419], [3.776749, 43.642798], [3.77345, 43.643585], [3.767135, 43.641191], [3.764686, 43.639459], [3.764255, 43.638894], [3.764729, 43.635909]]]}}, {"type": "Feature", "properties": {"nom": "Jacou", "code": "34120", "population": 6924, "surface": 334.76, "surface_commune_ha": 334.8, "artif_2018-2021_ha": 0.65, "desartif_2018-2021_ha": 0.02, "net_2018-2021_ha": 0.63, "net_2018-2021_pct": 0.188, "artif_2021-2024_ha": 0.13, "desartif_2021-2024_ha": 0.0, "net_2021-2024_ha": 0.13, "net_2021-2024_pct": 0.039, "tendance_ha": -0.5, "ndvi_moyen": 0.35, "part_vegetation_faible_pct": 19.5, "densite_hab_km2": 2070.0, "vulnerabilite_chaleur": 83.9, "risques": "Feu de forêt · Inondation · Mouvement de terrain · Séisme · Tempête", "nb_risques": 5, "tri": "Montpellier-Lunel-Mauguio", "sismicite": "2 - FAIBLE"}, "geometry": {"type": "Polygon", "coordinates": [[[3.92281, 43.655566], [3.920024, 43.655021], [3.916668, 43.65599], [3.914297, 43.654747], [3.913605, 43.654705], [3.91232, 43.654218], [3.911801, 43.654187], [3.902594, 43.654432], [3.90155, 43.654637], [3.900575, 43.656492], [3.899082, 43.655916], [3.899991, 43.658037], [3.901652, 43.66012], [3.902216, 43.661206], [3.903423, 43.664545], [3.902747, 43.668129], [3.90175, 43.669626], [3.901943, 43.67094], [3.901489, 43.673043], [3.902086, 43.674693], [3.902016, 43.675415], [3.903038, 43.675289], [3.903924, 43.674652], [3.906144, 43.674537], [3.907083, 43.674099], [3.907845, 43.674311], [3.910924, 43.673536], [3.91163, 43.673493], [3.912147, 43.672982], [3.913448, 43.672313], [3.912711, 43.671087], [3.91441, 43.67065], [3.922147, 43.666284], [3.924314, 43.664194], [3.924946, 43.663029], [3.92497, 43.662206], [3.928132, 43.660833], [3.928042, 43.660745], [3.928445, 43.660324], [3.928306, 43.660051], [3.926999, 43.659715], [3.926464, 43.659182], [3.925334, 43.658565], [3.924587, 43.657828], [3.923303, 43.657684], [3.921859, 43.657153], [3.92281, 43.655566]]]}}, {"type": "Feature", "properties": {"nom": "Juvignac", "code": "34123", "population": 14055, "surface": 1090.36, "surface_commune_ha": 1090.7, "artif_2018-2021_ha": 0.2, "desartif_2018-2021_ha": 0.0, "net_2018-2021_ha": 0.2, "net_2018-2021_pct": 0.018, "artif_2021-2024_ha": 3.91, "desartif_2021-2024_ha": 0.02, "net_2021-2024_ha": 3.89, "net_2021-2024_pct": 0.357, "tendance_ha": 3.69, "ndvi_moyen": 0.466, "part_vegetation_faible_pct": 9.5, "densite_hab_km2": 1290.0, "vulnerabilite_chaleur": 72.6, "risques": "Feu de forêt · Inondation · Mouvement de terrain · Séisme · Tempête", "nb_risques": 5, "tri": "Montpellier-Lunel-Mauguio", "sismicite": "2 - FAIBLE"}, "geometry": {"type": "Polygon", "coordinates": [[[3.816256, 43.591224], [3.815907, 43.591028], [3.814178, 43.592044], [3.815428, 43.594085], [3.815975, 43.593916], [3.815801, 43.595106], [3.815374, 43.596172], [3.815478, 43.59712], [3.814858, 43.597013], [3.814769, 43.597335], [3.815368, 43.598214], [3.815112, 43.599952], [3.813727, 43.600304], [3.811661, 43.600262], [3.81105, 43.599851], [3.809683, 43.599611], [3.805634, 43.599209], [3.804761, 43.600118], [3.803347, 43.600833], [3.803847, 43.601073], [3.804585, 43.601037], [3.804861, 43.601525], [3.805794, 43.601642], [3.806305, 43.602129], [3.805663, 43.603153], [3.805074, 43.60353], [3.806133, 43.604247], [3.804833, 43.60534], [3.803404, 43.607278], [3.802768, 43.607715], [3.803207, 43.608058], [3.802148, 43.608313], [3.801342, 43.608881], [3.800037, 43.609245], [3.799215, 43.609773], [3.799064, 43.610161], [3.796919, 43.611917], [3.79598, 43.614221], [3.794729, 43.614396], [3.791758, 43.61527], [3.790489, 43.615971], [3.789645, 43.615884], [3.788619, 43.615147], [3.78839, 43.615151], [3.78781, 43.615549], [3.78661, 43.617849], [3.785042, 43.618944], [3.784762, 43.619631], [3.783724, 43.620054], [3.783057, 43.620592], [3.782467, 43.622166], [3.782691, 43.623378], [3.782593, 43.624548], [3.782288, 43.624743], [3.781614, 43.624766], [3.779967, 43.623902], [3.779214, 43.62382], [3.778423, 43.624364], [3.778015, 43.625155], [3.778098, 43.625649], [3.779551, 43.626483], [3.780646, 43.626565], [3.781035, 43.626757], [3.78106, 43.628228], [3.780422, 43.628443], [3.77877, 43.628423], [3.777725, 43.627546], [3.775796, 43.627181], [3.774814, 43.627853], [3.774441, 43.628393], [3.774534, 43.629319], [3.77398, 43.629622], [3.772464, 43.630016], [3.771157, 43.629856], [3.769895, 43.63004], [3.764852, 43.63118], [3.761402, 43.63586], [3.764729, 43.635909], [3.764255, 43.638894], [3.764686, 43.639459], [3.767135, 43.641191], [3.77254, 43.643291], [3.77345, 43.643585], [3.773767, 43.643539], [3.776749, 43.642798], [3.777499, 43.642419], [3.782132, 43.641917], [3.783561, 43.64134], [3.78776, 43.640264], [3.788492, 43.639746], [3.78871, 43.639791], [3.789329, 43.639412], [3.792449, 43.638866], [3.795725, 43.637788], [3.797212, 43.63715], [3.799687, 43.636442], [3.800303, 43.637258], [3.801412, 43.637938], [3.801963, 43.637609], [3.802459, 43.637645], [3.804109, 43.638049], [3.805125, 43.638671], [3.806815, 43.638643], [3.807882, 43.638799], [3.808038, 43.638695], [3.808042, 43.637439], [3.808335, 43.636031], [3.807257, 43.634977], [3.807052, 43.634627], [3.807155, 43.634416], [3.807655, 43.634258], [3.808477, 43.634293], [3.8096, 43.634005], [3.812706, 43.63441], [3.813242, 43.634213], [3.814194, 43.632965], [3.816063, 43.6316], [3.81627, 43.631176], [3.815729, 43.629223], [3.815143, 43.628483], [3.812672, 43.627156], [3.811494, 43.626106], [3.810586, 43.624944], [3.809234, 43.624667], [3.807584, 43.623561], [3.80774, 43.622111], [3.808138, 43.621933], [3.809876, 43.622137], [3.810663, 43.621955], [3.811552, 43.621238], [3.812188, 43.619833], [3.813165, 43.61978], [3.815129, 43.618049], [3.816746, 43.615732], [3.817643, 43.613656], [3.817687, 43.612954], [3.818834, 43.611136], [3.819595, 43.609519], [3.81978, 43.608707], [3.819491, 43.607498], [3.819596, 43.605693], [3.818868, 43.604857], [3.818268, 43.60353], [3.817579, 43.603004], [3.816964, 43.602945], [3.816549, 43.602701], [3.817187, 43.600602], [3.81822, 43.599686], [3.818304, 43.598767], [3.818927, 43.598282], [3.819472, 43.59838], [3.820223, 43.597771], [3.819826, 43.597058], [3.818896, 43.59676], [3.81803, 43.596237], [3.817939, 43.595793], [3.818353, 43.595126], [3.818225, 43.594227], [3.817812, 43.593526], [3.8162, 43.591962], [3.816256, 43.591224]]]}}, {"type": "Feature", "properties": {"nom": "Lattes", "code": "34129", "population": 17351, "surface": 3224.0, "surface_commune_ha": 3225.1, "artif_2018-2021_ha": 46.54, "desartif_2018-2021_ha": 17.08, "net_2018-2021_ha": 29.46, "net_2018-2021_pct": 0.913, "artif_2021-2024_ha": 6.98, "desartif_2021-2024_ha": 16.23, "net_2021-2024_ha": -9.25, "net_2021-2024_pct": -0.287, "tendance_ha": -38.71, "ndvi_moyen": 0.374, "part_vegetation_faible_pct": 19.2, "densite_hab_km2": 539.0, "vulnerabilite_chaleur": 59.7, "risques": "Feu de forêt · Inondation · Mouvement de terrain · Tempête", "nb_risques": 4, "tri": "Montpellier-Lunel-Mauguio", "sismicite": "1 - TRES FAIBLE"}, "geometry": {"type": "Polygon", "coordinates": [[[3.847643, 43.553485], [3.848242, 43.553728], [3.848586, 43.554133], [3.85091, 43.559184], [3.852428, 43.560574], [3.854338, 43.561477], [3.854878, 43.561915], [3.855533, 43.563108], [3.855944, 43.564376], [3.857251, 43.565662], [3.85829, 43.567131], [3.859934, 43.566627], [3.860586, 43.566722], [3.860775, 43.567102], [3.866641, 43.572801], [3.86711, 43.57347], [3.867669, 43.574892], [3.869343, 43.575201], [3.87422, 43.576795], [3.876973, 43.578581], [3.879531, 43.579927], [3.883014, 43.580977], [3.885869, 43.582067], [3.887151, 43.582962], [3.889742, 43.583938], [3.892546, 43.585631], [3.893047, 43.586392], [3.894809, 43.587222], [3.898337, 43.588309], [3.900815, 43.588791], [3.904267, 43.591004], [3.905545, 43.591522], [3.907145, 43.591682], [3.908269, 43.591474], [3.911628, 43.591453], [3.915115, 43.591615], [3.91773, 43.592036], [3.920247, 43.59277], [3.923816, 43.593457], [3.929917, 43.593862], [3.937173, 43.594961], [3.938042, 43.59519], [3.938869, 43.59569], [3.938825, 43.594824], [3.937429, 43.593255], [3.93709, 43.591839], [3.932293, 43.588836], [3.932232, 43.588486], [3.932247, 43.587645], [3.933349, 43.586141], [3.935194, 43.585148], [3.936884, 43.584805], [3.938611, 43.583861], [3.936029, 43.583152], [3.9297, 43.583252], [3.931298, 43.581952], [3.932796, 43.577647], [3.93333, 43.576766], [3.935822, 43.574621], [3.936932, 43.573289], [3.940369, 43.570394], [3.938901, 43.570052], [3.938304, 43.569489], [3.937776, 43.568742], [3.937493, 43.56732], [3.936874, 43.566386], [3.939645, 43.565177], [3.941467, 43.56375], [3.943415, 43.56101], [3.942042, 43.560538], [3.939544, 43.560179], [3.937656, 43.559564], [3.93836, 43.556854], [3.939708, 43.555908], [3.942171, 43.555876], [3.94488, 43.555388], [3.946056, 43.555466], [3.949412, 43.554567], [3.950399, 43.551749], [3.933169, 43.538247], [3.907281, 43.545548], [3.899914, 43.540224], [3.897677, 43.540964], [3.896544, 43.540815], [3.896236, 43.540526], [3.89334, 43.540401], [3.892451, 43.540188], [3.888258, 43.540785], [3.887228, 43.54052], [3.885999, 43.539538], [3.885764, 43.539508], [3.88463, 43.540302], [3.882623, 43.541191], [3.881758, 43.541162], [3.880868, 43.5409], [3.879538, 43.541773], [3.878587, 43.542046], [3.87844, 43.543756], [3.878151, 43.544094], [3.875774, 43.545185], [3.87405, 43.54538], [3.873318, 43.545801], [3.873082, 43.546459], [3.873559, 43.547109], [3.873352, 43.547502], [3.871913, 43.547766], [3.871553, 43.547669], [3.870804, 43.546996], [3.870018, 43.546794], [3.868296, 43.547078], [3.867178, 43.548131], [3.866245, 43.549497], [3.865717, 43.549764], [3.865236, 43.549702], [3.864403, 43.548764], [3.863538, 43.548358], [3.863265, 43.547959], [3.863054, 43.545966], [3.86269, 43.545678], [3.857777, 43.544602], [3.855081, 43.544576], [3.854239, 43.544766], [3.852998, 43.545827], [3.852386, 43.547619], [3.849683, 43.549952], [3.849454, 43.550604], [3.848229, 43.55155], [3.847766, 43.552574], [3.847643, 43.553485]]]}}, {"type": "Feature", "properties": {"nom": "Lavérune", "code": "34134", "population": 3302, "surface": 716.03, "surface_commune_ha": 716.3, "artif_2018-2021_ha": 0.62, "desartif_2018-2021_ha": 0.5, "net_2018-2021_ha": 0.12, "net_2018-2021_pct": 0.017, "artif_2021-2024_ha": 0.21, "desartif_2021-2024_ha": 0.45, "net_2021-2024_ha": -0.24, "net_2021-2024_pct": -0.034, "tendance_ha": -0.36, "ndvi_moyen": 0.433, "part_vegetation_faible_pct": 8.3, "densite_hab_km2": 462.0, "vulnerabilite_chaleur": 46.8, "risques": "Inondation · Mouvement de terrain · Séisme · Tempête", "nb_risques": 4, "tri": "Montpellier-Lunel-Mauguio", "sismicite": "2 - FAIBLE"}, "geometry": {"type": "Polygon", "coordinates": [[[3.783361, 43.599411], [3.784202, 43.599974], [3.784747, 43.600047], [3.787483, 43.601754], [3.788639, 43.602275], [3.791295, 43.600097], [3.794581, 43.598796], [3.798828, 43.597547], [3.799005, 43.597553], [3.798121, 43.599583], [3.803836, 43.598933], [3.809683, 43.599611], [3.81105, 43.599851], [3.811661, 43.600262], [3.813727, 43.600304], [3.815112, 43.599952], [3.815368, 43.598214], [3.814769, 43.597335], [3.814858, 43.597013], [3.815478, 43.59712], [3.815374, 43.596172], [3.815801, 43.595106], [3.815975, 43.593916], [3.815428, 43.594085], [3.814178, 43.592044], [3.815907, 43.591028], [3.816256, 43.591224], [3.816884, 43.590172], [3.817183, 43.589022], [3.816705, 43.587417], [3.816808, 43.586591], [3.816112, 43.585757], [3.816186, 43.585056], [3.816501, 43.584597], [3.816516, 43.58327], [3.815404, 43.581283], [3.815412, 43.580413], [3.814809, 43.579875], [3.814607, 43.579323], [3.814907, 43.579039], [3.814873, 43.578575], [3.815265, 43.577866], [3.81517, 43.577173], [3.815524, 43.576457], [3.815037, 43.575609], [3.815321, 43.574914], [3.814967, 43.57344], [3.814256, 43.57303], [3.814211, 43.572492], [3.812778, 43.571843], [3.812271, 43.571244], [3.811437, 43.571073], [3.810276, 43.570509], [3.808197, 43.56862], [3.806397, 43.56797], [3.805187, 43.567292], [3.80268, 43.567526], [3.80077, 43.568101], [3.796853, 43.569649], [3.796486, 43.568775], [3.793852, 43.569633], [3.793301, 43.570247], [3.793583, 43.571362], [3.793137, 43.571454], [3.793508, 43.571682], [3.793296, 43.57216], [3.79261, 43.572527], [3.791858, 43.57324], [3.79146, 43.572976], [3.79027, 43.573895], [3.790708, 43.574179], [3.78915, 43.574768], [3.788472, 43.575348], [3.78856, 43.575549], [3.787407, 43.576183], [3.787574, 43.57625], [3.785359, 43.577845], [3.788375, 43.580106], [3.789701, 43.581823], [3.789653, 43.58208], [3.788924, 43.582758], [3.791042, 43.584283], [3.790797, 43.584486], [3.791417, 43.584919], [3.791547, 43.587006], [3.791129, 43.587605], [3.790783, 43.589473], [3.790156, 43.590583], [3.789235, 43.591399], [3.790068, 43.591875], [3.792065, 43.591616], [3.793289, 43.591211], [3.792702, 43.592175], [3.792094, 43.592469], [3.791337, 43.592517], [3.790532, 43.593249], [3.789363, 43.593776], [3.78781, 43.594998], [3.786803, 43.596185], [3.784361, 43.597142], [3.784301, 43.597543], [3.784861, 43.597756], [3.784849, 43.598186], [3.78442, 43.598691], [3.783361, 43.599411]]]}}, {"type": "Feature", "properties": {"nom": "Montaud", "code": "34164", "population": 1014, "surface": 1301.75, "surface_commune_ha": 1301.9, "artif_2018-2021_ha": 0.43, "desartif_2018-2021_ha": 0.29, "net_2018-2021_ha": 0.14, "net_2018-2021_pct": 0.011, "artif_2021-2024_ha": 1.1, "desartif_2021-2024_ha": 0.0, "net_2021-2024_ha": 1.1, "net_2021-2024_pct": 0.084, "tendance_ha": 0.96, "ndvi_moyen": 0.511, "part_vegetation_faible_pct": 4.0, "densite_hab_km2": 78.0, "vulnerabilite_chaleur": 4.0, "risques": "Feu de forêt · Mouvement de terrain · Séisme · Tempête", "nb_risques": 4, "tri": null, "sismicite": "2 - FAIBLE"}, "geometry": {"type": "Polygon", "coordinates": [[[3.949011, 43.717412], [3.943128, 43.720771], [3.945361, 43.722151], [3.946326, 43.72695], [3.947261, 43.729143], [3.946842, 43.734439], [3.94839, 43.739551], [3.949001, 43.740468], [3.941005, 43.739562], [3.93923, 43.739955], [3.939022, 43.739606], [3.938312, 43.739082], [3.937966, 43.738456], [3.929061, 43.743736], [3.927577, 43.743827], [3.925503, 43.744345], [3.922198, 43.744235], [3.921746, 43.744413], [3.920669, 43.744173], [3.920248, 43.74434], [3.918986, 43.74412], [3.918512, 43.744317], [3.917411, 43.74422], [3.909956, 43.745727], [3.903341, 43.747742], [3.900769, 43.749324], [3.900339, 43.749415], [3.900441, 43.749914], [3.900881, 43.750413], [3.900861, 43.75078], [3.901237, 43.750998], [3.907108, 43.74872], [3.910392, 43.747238], [3.914652, 43.746649], [3.921077, 43.746236], [3.920947, 43.746988], [3.927463, 43.750104], [3.930602, 43.751384], [3.939878, 43.755915], [3.939087, 43.757733], [3.944434, 43.758288], [3.945188, 43.75829], [3.945603, 43.757818], [3.946563, 43.757912], [3.946703, 43.758336], [3.94796, 43.758142], [3.950802, 43.758416], [3.950813, 43.758281], [3.951579, 43.758331], [3.951191, 43.758788], [3.952153, 43.758401], [3.953959, 43.757961], [3.954173, 43.758437], [3.954899, 43.758272], [3.955107, 43.758735], [3.955992, 43.75862], [3.956021, 43.758874], [3.957297, 43.758125], [3.958845, 43.757833], [3.958691, 43.759619], [3.958871, 43.759805], [3.961817, 43.758236], [3.961548, 43.757889], [3.962094, 43.757346], [3.963619, 43.758049], [3.964148, 43.757886], [3.964804, 43.758075], [3.965486, 43.75869], [3.966213, 43.759726], [3.966558, 43.759468], [3.966609, 43.75837], [3.967101, 43.757271], [3.967317, 43.757179], [3.967297, 43.757645], [3.968746, 43.758959], [3.970065, 43.761011], [3.970926, 43.760804], [3.971329, 43.761652], [3.971689, 43.76162], [3.972033, 43.761352], [3.97259, 43.761664], [3.973526, 43.761892], [3.973651, 43.762934], [3.975707, 43.762694], [3.975696, 43.761507], [3.977033, 43.761285], [3.977566, 43.760895], [3.977992, 43.761579], [3.980202, 43.760573], [3.98258, 43.764004], [3.98272, 43.764772], [3.982562, 43.765985], [3.982098, 43.766126], [3.985535, 43.767007], [3.986543, 43.766955], [3.987563, 43.766312], [3.989139, 43.76562], [3.990108, 43.763972], [3.991571, 43.763752], [3.992624, 43.763259], [3.993046, 43.763217], [3.994576, 43.762166], [3.995133, 43.762482], [3.99531, 43.763048], [3.99634, 43.761271], [3.997027, 43.761022], [3.996683, 43.760658], [3.997087, 43.75992], [3.997975, 43.758911], [3.998252, 43.758104], [4.000019, 43.756794], [3.999236, 43.756596], [3.99792, 43.757119], [3.996627, 43.755435], [3.996329, 43.754192], [3.991836, 43.754058], [3.990648, 43.753566], [3.987476, 43.752705], [3.987247, 43.752223], [3.988604, 43.751727], [3.989875, 43.751625], [3.991351, 43.751756], [3.992425, 43.751496], [3.994661, 43.751632], [3.99526, 43.751445], [3.994742, 43.750146], [3.994189, 43.749619], [3.993885, 43.748999], [3.993547, 43.748807], [3.992968, 43.748777], [3.992435, 43.747998], [3.991299, 43.747735], [3.990916, 43.747991], [3.990119, 43.74765], [3.989822, 43.747837], [3.990372, 43.748222], [3.990133, 43.748594], [3.989658, 43.748562], [3.989372, 43.748792], [3.988915, 43.748884], [3.988198, 43.748778], [3.987443, 43.748883], [3.984755, 43.7464], [3.984197, 43.746177], [3.983969, 43.745808], [3.983324, 43.745802], [3.982818, 43.745515], [3.982089, 43.744592], [3.981968, 43.744177], [3.980152, 43.744228], [3.979126, 43.743568], [3.97817, 43.742615], [3.977218, 43.742847], [3.977044, 43.742281], [3.975755, 43.741618], [3.975423, 43.741839], [3.974857, 43.741006], [3.974677, 43.74113], [3.974487, 43.741045], [3.973282, 43.740205], [3.973455, 43.739989], [3.97281, 43.739442], [3.972635, 43.739578], [3.971784, 43.739179], [3.971864, 43.739025], [3.970937, 43.738634], [3.969938, 43.738577], [3.968861, 43.738807], [3.968594, 43.738193], [3.967842, 43.737993], [3.967974, 43.737772], [3.967754, 43.737533], [3.965405, 43.738077], [3.964791, 43.738573], [3.963613, 43.738669], [3.962072, 43.738095], [3.960698, 43.737968], [3.959434, 43.738383], [3.958186, 43.7384], [3.958462, 43.736723], [3.957332, 43.733936], [3.956086, 43.729544], [3.955743, 43.729556], [3.955578, 43.729037], [3.955373, 43.727424], [3.954783, 43.72621], [3.954731, 43.724716], [3.954337, 43.723297], [3.953795, 43.722374], [3.949011, 43.717412]]]}}, {"type": "Feature", "properties": {"nom": "Montferrier-sur-Lez", "code": "34169", "population": 4135, "surface": 760.52, "surface_commune_ha": 760.7, "artif_2018-2021_ha": 6.05, "desartif_2018-2021_ha": 0.76, "net_2018-2021_ha": 5.29, "net_2018-2021_pct": 0.695, "artif_2021-2024_ha": 5.69, "desartif_2021-2024_ha": 0.14, "net_2021-2024_ha": 5.55, "net_2021-2024_pct": 0.73, "tendance_ha": 0.26, "ndvi_moyen": 0.542, "part_vegetation_faible_pct": 4.0, "densite_hab_km2": 544.0, "vulnerabilite_chaleur": 28.2, "risques": "Feu de forêt · Inondation · Mouvement de terrain · Séisme · Tempête", "nb_risques": 5, "tri": "Montpellier-Lunel-Mauguio", "sismicite": "2 - FAIBLE"}, "geometry": {"type": "Polygon", "coordinates": [[[3.858374, 43.652918], [3.856292, 43.653462], [3.855602, 43.654201], [3.855341, 43.655056], [3.854251, 43.655102], [3.852262, 43.655849], [3.85111, 43.656903], [3.850115, 43.658512], [3.847695, 43.660129], [3.845744, 43.661085], [3.842922, 43.662848], [3.842619, 43.665193], [3.842354, 43.665908], [3.841074, 43.667768], [3.841, 43.668163], [3.841039, 43.668902], [3.841995, 43.670862], [3.844283, 43.672983], [3.844637, 43.672925], [3.846321, 43.673597], [3.846702, 43.674076], [3.847452, 43.674099], [3.848408, 43.674505], [3.850127, 43.674801], [3.852087, 43.675835], [3.852562, 43.676722], [3.852949, 43.676773], [3.853737, 43.677325], [3.854737, 43.677664], [3.856378, 43.678466], [3.856428, 43.678615], [3.85717, 43.678447], [3.857653, 43.678489], [3.85983, 43.67748], [3.860672, 43.677908], [3.861583, 43.677775], [3.862139, 43.677418], [3.862141, 43.676693], [3.863037, 43.676144], [3.863406, 43.677316], [3.863213, 43.678442], [3.863905, 43.679402], [3.864323, 43.680435], [3.862495, 43.681964], [3.864242, 43.683086], [3.866746, 43.683978], [3.879511, 43.687682], [3.880767, 43.687696], [3.883263, 43.687359], [3.882746, 43.686305], [3.882382, 43.684117], [3.882814, 43.681693], [3.882019, 43.680589], [3.881686, 43.679529], [3.881703, 43.678817], [3.88264, 43.676359], [3.882569, 43.674082], [3.88149, 43.672857], [3.879947, 43.672003], [3.879324, 43.671478], [3.87871, 43.671222], [3.877112, 43.671045], [3.877453, 43.670177], [3.877909, 43.669649], [3.876384, 43.668003], [3.874733, 43.667263], [3.873721, 43.666463], [3.872959, 43.665601], [3.872624, 43.664936], [3.872621, 43.662644], [3.87086, 43.661998], [3.869735, 43.66203], [3.869163, 43.661834], [3.86751, 43.6608], [3.867267, 43.661249], [3.866628, 43.660659], [3.86657, 43.660249], [3.866106, 43.659678], [3.866542, 43.659467], [3.866797, 43.658903], [3.86666, 43.656423], [3.867786, 43.655366], [3.867081, 43.653337], [3.868329, 43.652501], [3.86971, 43.652423], [3.871048, 43.651302], [3.87152, 43.650365], [3.870377, 43.648929], [3.870456, 43.648669], [3.8712, 43.648085], [3.87047, 43.647783], [3.868536, 43.647806], [3.865992, 43.650072], [3.863882, 43.650472], [3.861109, 43.65174], [3.859445, 43.65222], [3.858374, 43.652918]]]}}, {"type": "Feature", "properties": {"nom": "Montpellier", "code": "34172", "population": 310240, "surface": 5709.7, "surface_commune_ha": 5711.3, "artif_2018-2021_ha": 42.52, "desartif_2018-2021_ha": 11.94, "net_2018-2021_ha": 30.58, "net_2018-2021_pct": 0.535, "artif_2021-2024_ha": 25.28, "desartif_2021-2024_ha": 11.38, "net_2021-2024_ha": 13.9, "net_2021-2024_pct": 0.243, "tendance_ha": -16.68, "ndvi_moyen": 0.346, "part_vegetation_faible_pct": 26.1, "densite_hab_km2": 5439.0, "vulnerabilite_chaleur": 96.8, "risques": "Feu de forêt · Inondation · Mouvement de terrain · Séisme · Tempête", "nb_risques": 5, "tri": "Montpellier-Lunel-Mauguio", "sismicite": "2 - FAIBLE"}, "geometry": {"type": "Polygon", "coordinates": [[[3.816256, 43.591224], [3.8162, 43.591962], [3.817812, 43.593526], [3.818225, 43.594227], [3.818353, 43.595126], [3.817939, 43.595793], [3.81803, 43.596237], [3.818896, 43.59676], [3.819826, 43.597058], [3.820223, 43.597771], [3.819472, 43.59838], [3.818927, 43.598282], [3.818304, 43.598767], [3.81822, 43.599686], [3.817187, 43.600602], [3.816549, 43.602701], [3.816964, 43.602945], [3.817579, 43.603004], [3.818268, 43.60353], [3.818868, 43.604857], [3.819596, 43.605693], [3.819491, 43.607498], [3.81978, 43.608707], [3.819595, 43.609519], [3.818834, 43.611136], [3.817687, 43.612954], [3.817643, 43.613656], [3.816746, 43.615732], [3.815129, 43.618049], [3.813165, 43.61978], [3.812188, 43.619833], [3.811552, 43.621238], [3.810663, 43.621955], [3.809876, 43.622137], [3.808138, 43.621933], [3.80774, 43.622111], [3.807584, 43.623561], [3.809234, 43.624667], [3.810586, 43.624944], [3.811494, 43.626106], [3.812672, 43.627156], [3.815143, 43.628483], [3.815729, 43.629223], [3.81627, 43.631176], [3.816063, 43.6316], [3.814194, 43.632965], [3.813242, 43.634213], [3.812706, 43.63441], [3.8096, 43.634005], [3.808477, 43.634293], [3.807655, 43.634258], [3.807155, 43.634416], [3.807052, 43.634627], [3.807257, 43.634977], [3.808335, 43.636031], [3.808042, 43.637439], [3.808038, 43.638695], [3.80779, 43.638807], [3.807776, 43.639772], [3.808977, 43.640823], [3.809799, 43.640897], [3.810444, 43.640607], [3.811263, 43.64062], [3.812961, 43.641865], [3.816188, 43.643015], [3.818236, 43.644071], [3.819057, 43.64404], [3.820796, 43.643355], [3.8214, 43.643336], [3.821818, 43.643508], [3.821068, 43.644144], [3.823446, 43.643244], [3.822698, 43.643287], [3.822357, 43.643154], [3.822358, 43.642458], [3.821995, 43.642007], [3.821494, 43.642019], [3.820487, 43.642418], [3.820194, 43.641737], [3.821552, 43.641648], [3.824146, 43.640123], [3.823215, 43.639677], [3.824293, 43.638808], [3.823929, 43.638552], [3.824543, 43.638089], [3.825924, 43.638563], [3.826933, 43.638959], [3.828034, 43.639782], [3.828003, 43.64018], [3.8287, 43.640328], [3.828971, 43.640912], [3.830714, 43.643176], [3.831004, 43.643976], [3.832581, 43.643633], [3.835683, 43.642544], [3.835552, 43.643592], [3.835737, 43.643828], [3.835756, 43.644425], [3.835547, 43.644821], [3.835808, 43.645076], [3.835722, 43.645598], [3.836952, 43.645968], [3.836623, 43.646626], [3.837064, 43.647235], [3.837588, 43.647558], [3.838249, 43.649137], [3.837955, 43.650041], [3.838537, 43.65038], [3.840129, 43.649083], [3.841242, 43.647621], [3.84281, 43.648225], [3.845754, 43.649047], [3.848344, 43.648551], [3.848821, 43.649071], [3.849027, 43.649637], [3.850592, 43.649962], [3.850842, 43.651046], [3.851842, 43.651715], [3.852306, 43.651692], [3.853032, 43.651033], [3.854153, 43.651034], [3.856043, 43.65188], [3.856827, 43.653295], [3.858374, 43.652918], [3.859445, 43.65222], [3.861109, 43.65174], [3.863882, 43.650472], [3.865992, 43.650072], [3.868536, 43.647806], [3.870652, 43.647809], [3.8712, 43.648085], [3.871532, 43.648031], [3.873143, 43.648514], [3.874781, 43.6485], [3.875942, 43.649057], [3.878474, 43.649334], [3.879917, 43.648841], [3.880783, 43.648132], [3.881935, 43.646263], [3.885797, 43.645538], [3.886697, 43.644074], [3.888744, 43.644071], [3.889942, 43.643762], [3.890316, 43.643522], [3.890398, 43.643104], [3.889757, 43.641919], [3.889803, 43.641433], [3.890672, 43.64128], [3.892197, 43.641535], [3.892878, 43.641225], [3.893152, 43.640728], [3.893353, 43.638253], [3.892369, 43.637549], [3.891206, 43.636145], [3.890831, 43.635883], [3.890043, 43.635661], [3.889714, 43.635364], [3.889367, 43.634416], [3.889472, 43.633998], [3.889924, 43.633758], [3.891624, 43.633668], [3.89208, 43.633494], [3.893464, 43.631956], [3.893597, 43.629983], [3.894732, 43.628514], [3.895059, 43.627825], [3.895876, 43.627396], [3.896676, 43.627219], [3.89767, 43.626554], [3.898014, 43.625647], [3.897727, 43.623497], [3.897015, 43.622373], [3.897687, 43.622212], [3.900121, 43.621881], [3.904376, 43.62163], [3.908309, 43.621891], [3.909777, 43.622127], [3.91094, 43.621115], [3.913085, 43.620047], [3.915339, 43.619241], [3.916665, 43.619058], [3.918638, 43.619041], [3.920641, 43.618404], [3.922709, 43.620074], [3.925275, 43.621627], [3.926542, 43.624048], [3.927815, 43.625645], [3.929732, 43.6265], [3.933067, 43.628986], [3.933586, 43.628681], [3.93437, 43.627422], [3.935343, 43.62755], [3.935659, 43.627501], [3.935779, 43.627296], [3.936054, 43.626351], [3.936832, 43.625058], [3.936018, 43.625059], [3.936546, 43.624547], [3.936663, 43.62288], [3.937224, 43.622894], [3.937463, 43.620967], [3.938023, 43.620232], [3.939534, 43.61944], [3.939128, 43.618326], [3.939435, 43.618186], [3.938982, 43.61647], [3.939342, 43.613784], [3.937801, 43.610261], [3.935336, 43.606182], [3.939573, 43.600282], [3.940274, 43.598798], [3.941287, 43.59775], [3.939413, 43.595753], [3.938869, 43.59569], [3.938042, 43.59519], [3.937173, 43.594961], [3.929917, 43.593862], [3.923816, 43.593457], [3.920247, 43.59277], [3.91773, 43.592036], [3.915115, 43.591615], [3.911628, 43.591453], [3.908269, 43.591474], [3.907145, 43.591682], [3.905545, 43.591522], [3.904267, 43.591004], [3.900815, 43.588791], [3.898337, 43.588309], [3.894809, 43.587222], [3.893047, 43.586392], [3.892546, 43.585631], [3.889742, 43.583938], [3.887151, 43.582962], [3.885869, 43.582067], [3.883014, 43.580977], [3.879531, 43.579927], [3.876973, 43.578581], [3.87422, 43.576795], [3.869343, 43.575201], [3.867669, 43.574892], [3.86711, 43.57347], [3.866641, 43.572801], [3.860775, 43.567102], [3.860586, 43.566722], [3.860424, 43.567559], [3.859625, 43.568917], [3.859179, 43.570141], [3.857947, 43.570927], [3.857704, 43.571881], [3.855497, 43.57399], [3.853952, 43.57577], [3.853374, 43.577195], [3.849808, 43.581759], [3.84828, 43.584093], [3.847015, 43.585007], [3.844379, 43.586258], [3.843307, 43.587168], [3.842259, 43.587786], [3.840529, 43.589802], [3.838834, 43.592335], [3.837671, 43.593359], [3.837177, 43.594209], [3.83618, 43.595305], [3.835677, 43.594624], [3.834683, 43.59408], [3.828653, 43.592729], [3.827814, 43.592698], [3.824584, 43.593094], [3.820701, 43.592633], [3.819869, 43.592482], [3.816256, 43.591224]]]}}, {"type": "Feature", "properties": {"nom": "Murviel-lès-Montpellier", "code": "34179", "population": 2075, "surface": 1011.28, "surface_commune_ha": 1011.6, "artif_2018-2021_ha": 8.1, "desartif_2018-2021_ha": 0.61, "net_2018-2021_ha": 7.49, "net_2018-2021_pct": 0.74, "artif_2021-2024_ha": 0.02, "desartif_2021-2024_ha": 0.02, "net_2021-2024_ha": 0.0, "net_2021-2024_pct": 0.0, "tendance_ha": -7.49, "ndvi_moyen": 0.542, "part_vegetation_faible_pct": 6.7, "densite_hab_km2": 205.0, "vulnerabilite_chaleur": 15.3, "risques": "Feu de forêt · Mouvement de terrain · Séisme · Tempête", "nb_risques": 4, "tri": null, "sismicite": "2 - FAIBLE"}, "geometry": {"type": "Polygon", "coordinates": [[[3.77052, 43.607207], [3.769514, 43.606713], [3.76738, 43.606433], [3.766786, 43.604691], [3.766201, 43.604248], [3.766261, 43.60383], [3.765796, 43.603967], [3.764093, 43.602861], [3.763635, 43.603018], [3.763402, 43.602528], [3.762802, 43.602616], [3.762522, 43.60191], [3.761976, 43.601546], [3.762092, 43.601327], [3.761157, 43.600739], [3.760644, 43.600636], [3.76026, 43.600734], [3.760142, 43.599977], [3.759369, 43.599861], [3.757264, 43.599897], [3.75678, 43.599544], [3.755888, 43.600179], [3.7546, 43.599228], [3.753802, 43.599629], [3.752489, 43.598818], [3.751358, 43.598864], [3.749395, 43.598539], [3.749, 43.598359], [3.747968, 43.598325], [3.747851, 43.598102], [3.748205, 43.597835], [3.747467, 43.597741], [3.746163, 43.596283], [3.745547, 43.596674], [3.74474, 43.596012], [3.744627, 43.596154], [3.743977, 43.59599], [3.743662, 43.5966], [3.743052, 43.597071], [3.742571, 43.596685], [3.740175, 43.597644], [3.73814, 43.598117], [3.737657, 43.59725], [3.736908, 43.597426], [3.735315, 43.595942], [3.73389, 43.595475], [3.733293, 43.595522], [3.732272, 43.595285], [3.731353, 43.595322], [3.729688, 43.595712], [3.726716, 43.596795], [3.724257, 43.596671], [3.722804, 43.596951], [3.719553, 43.594957], [3.717398, 43.593972], [3.716909, 43.596176], [3.716862, 43.598173], [3.716742, 43.598528], [3.716255, 43.598802], [3.715629, 43.600669], [3.715436, 43.601934], [3.715791, 43.602929], [3.715657, 43.604674], [3.716168, 43.607107], [3.716488, 43.606931], [3.716908, 43.606167], [3.717167, 43.606061], [3.718678, 43.606648], [3.718726, 43.607064], [3.719093, 43.607451], [3.719162, 43.608406], [3.718595, 43.610099], [3.716415, 43.609818], [3.712568, 43.609767], [3.711005, 43.613432], [3.710424, 43.613487], [3.710463, 43.613907], [3.711165, 43.615846], [3.71158, 43.617857], [3.712594, 43.61769], [3.714479, 43.616888], [3.718628, 43.615969], [3.72195, 43.615839], [3.725398, 43.616746], [3.727295, 43.617569], [3.731107, 43.618671], [3.735104, 43.620173], [3.735603, 43.62044], [3.736213, 43.622121], [3.736968, 43.622938], [3.736562, 43.624395], [3.736231, 43.624896], [3.735617, 43.625287], [3.735577, 43.626674], [3.741995, 43.628144], [3.743768, 43.628731], [3.745886, 43.629128], [3.746222, 43.628728], [3.745025, 43.627707], [3.745163, 43.627159], [3.744905, 43.626283], [3.745581, 43.626307], [3.745754, 43.625409], [3.745507, 43.625182], [3.744274, 43.624877], [3.743709, 43.623919], [3.743633, 43.623335], [3.743852, 43.622214], [3.74427, 43.621629], [3.745902, 43.621038], [3.750091, 43.620277], [3.750402, 43.619955], [3.751067, 43.618341], [3.751769, 43.617224], [3.752137, 43.616808], [3.752668, 43.616536], [3.753488, 43.616914], [3.753835, 43.616926], [3.755976, 43.618338], [3.75617, 43.619149], [3.755686, 43.619967], [3.756807, 43.620819], [3.756562, 43.621686], [3.757198, 43.621967], [3.757941, 43.621821], [3.759148, 43.620361], [3.758574, 43.619313], [3.758733, 43.619051], [3.759845, 43.618375], [3.760068, 43.617356], [3.761765, 43.616607], [3.762483, 43.615892], [3.764376, 43.612823], [3.765566, 43.61162], [3.766446, 43.610374], [3.768003, 43.6095], [3.769032, 43.608157], [3.77052, 43.607207]]]}}, {"type": "Feature", "properties": {"nom": "Pérols", "code": "34198", "population": 9615, "surface": 865.05, "surface_commune_ha": 865.4, "artif_2018-2021_ha": 4.69, "desartif_2018-2021_ha": 0.25, "net_2018-2021_ha": 4.44, "net_2018-2021_pct": 0.513, "artif_2021-2024_ha": 0.56, "desartif_2021-2024_ha": 0.34, "net_2021-2024_ha": 0.22, "net_2021-2024_pct": 0.025, "tendance_ha": -4.22, "ndvi_moyen": 0.295, "part_vegetation_faible_pct": 30.0, "densite_hab_km2": 1113.0, "vulnerabilite_chaleur": 91.9, "risques": "Inondation · Mouvement de terrain · Tempête", "nb_risques": 3, "tri": "Montpellier-Lunel-Mauguio", "sismicite": "1 - TRES FAIBLE"}, "geometry": {"type": "Polygon", "coordinates": [[[3.938611, 43.583861], [3.940366, 43.58298], [3.943084, 43.579414], [3.94829, 43.578958], [3.950054, 43.578365], [3.951672, 43.577732], [3.955915, 43.574294], [3.958039, 43.573959], [3.959247, 43.573361], [3.964778, 43.568076], [3.968697, 43.565415], [3.972645, 43.548436], [3.969564, 43.547167], [3.937322, 43.538931], [3.933268, 43.538024], [3.933169, 43.538247], [3.950399, 43.551749], [3.949412, 43.554567], [3.946056, 43.555466], [3.94488, 43.555388], [3.942171, 43.555876], [3.939708, 43.555908], [3.93836, 43.556854], [3.937656, 43.559564], [3.939544, 43.560179], [3.942042, 43.560538], [3.943415, 43.56101], [3.941467, 43.56375], [3.939645, 43.565177], [3.936874, 43.566386], [3.937493, 43.56732], [3.937776, 43.568742], [3.938304, 43.569489], [3.938901, 43.570052], [3.940369, 43.570394], [3.936932, 43.573289], [3.935822, 43.574621], [3.93333, 43.576766], [3.932796, 43.577647], [3.931298, 43.581952], [3.9297, 43.583252], [3.936029, 43.583152], [3.938611, 43.583861]]]}}, {"type": "Feature", "properties": {"nom": "Pignan", "code": "34202", "population": 8431, "surface": 2053.56, "surface_commune_ha": 2054.2, "artif_2018-2021_ha": 3.71, "desartif_2018-2021_ha": 2.22, "net_2018-2021_ha": 1.49, "net_2018-2021_pct": 0.073, "artif_2021-2024_ha": 3.0, "desartif_2021-2024_ha": 0.0, "net_2021-2024_ha": 3.0, "net_2021-2024_pct": 0.146, "tendance_ha": 1.51, "ndvi_moyen": 0.456, "part_vegetation_faible_pct": 8.2, "densite_hab_km2": 411.0, "vulnerabilite_chaleur": 40.3, "risques": "Feu de forêt · Inondation · Mouvement de terrain · Séisme · Tempête", "nb_risques": 5, "tri": "Montpellier-Lunel-Mauguio", "sismicite": "2 - FAIBLE"}, "geometry": {"type": "Polygon", "coordinates": [[[3.716049, 43.599668], [3.716255, 43.598802], [3.716742, 43.598528], [3.716862, 43.598173], [3.716909, 43.596176], [3.717398, 43.593972], [3.719553, 43.594957], [3.722804, 43.596951], [3.724257, 43.596671], [3.726716, 43.596795], [3.729688, 43.595712], [3.731353, 43.595322], [3.732272, 43.595285], [3.733293, 43.595522], [3.73389, 43.595475], [3.735315, 43.595942], [3.736908, 43.597426], [3.737657, 43.59725], [3.73814, 43.598117], [3.740175, 43.597644], [3.742571, 43.596685], [3.743052, 43.597071], [3.743662, 43.5966], [3.743977, 43.59599], [3.744627, 43.596154], [3.74474, 43.596012], [3.745547, 43.596674], [3.746163, 43.596283], [3.747467, 43.597741], [3.748205, 43.597835], [3.747851, 43.598102], [3.747968, 43.598325], [3.749, 43.598359], [3.749395, 43.598539], [3.751358, 43.598864], [3.752489, 43.598818], [3.753802, 43.599629], [3.7546, 43.599228], [3.755888, 43.600179], [3.75678, 43.599544], [3.757264, 43.599897], [3.759369, 43.599861], [3.760142, 43.599977], [3.76026, 43.600734], [3.760644, 43.600636], [3.761157, 43.600739], [3.762092, 43.601327], [3.761976, 43.601546], [3.762522, 43.60191], [3.762802, 43.602616], [3.763402, 43.602528], [3.763635, 43.603018], [3.764093, 43.602861], [3.765796, 43.603967], [3.766261, 43.60383], [3.766201, 43.604248], [3.766786, 43.604691], [3.76738, 43.606433], [3.769514, 43.606713], [3.77052, 43.607207], [3.771459, 43.606047], [3.772241, 43.605886], [3.775723, 43.604449], [3.777832, 43.603306], [3.779053, 43.602383], [3.779702, 43.601316], [3.780045, 43.601053], [3.783939, 43.59908], [3.784745, 43.598375], [3.784896, 43.598003], [3.784861, 43.597756], [3.784301, 43.597543], [3.784361, 43.597142], [3.786803, 43.596185], [3.78781, 43.594998], [3.789363, 43.593776], [3.790532, 43.593249], [3.791337, 43.592517], [3.792094, 43.592469], [3.792702, 43.592175], [3.793289, 43.591211], [3.792065, 43.591616], [3.790068, 43.591875], [3.789235, 43.591399], [3.790156, 43.590583], [3.790783, 43.589473], [3.791129, 43.587605], [3.791547, 43.587006], [3.791417, 43.584919], [3.790797, 43.584486], [3.791042, 43.584283], [3.788924, 43.582758], [3.789653, 43.58208], [3.789701, 43.581823], [3.788239, 43.579971], [3.785306, 43.577801], [3.782849, 43.579462], [3.779922, 43.577223], [3.777723, 43.578727], [3.777171, 43.578182], [3.776867, 43.578346], [3.775467, 43.576144], [3.77531, 43.576186], [3.774525, 43.574444], [3.771773, 43.574688], [3.770135, 43.574605], [3.768929, 43.574269], [3.768715, 43.573882], [3.766016, 43.572993], [3.767291, 43.570819], [3.767107, 43.570497], [3.766649, 43.570268], [3.76666, 43.570401], [3.764809, 43.570256], [3.764548, 43.565285], [3.763889, 43.564808], [3.763657, 43.564341], [3.762136, 43.562732], [3.760933, 43.558851], [3.760065, 43.557246], [3.758529, 43.55749], [3.756767, 43.557359], [3.754027, 43.557392], [3.752987, 43.557172], [3.75283, 43.556988], [3.751903, 43.556658], [3.751171, 43.556776], [3.750641, 43.55667], [3.750696, 43.557574], [3.749173, 43.560004], [3.747666, 43.56296], [3.742371, 43.567932], [3.741185, 43.568656], [3.74083, 43.56902], [3.741212, 43.569297], [3.73928, 43.571022], [3.735632, 43.573722], [3.734639, 43.575811], [3.733875, 43.576395], [3.729476, 43.578086], [3.72463, 43.578622], [3.722498, 43.57954], [3.720339, 43.580038], [3.71777, 43.581234], [3.714787, 43.582903], [3.712896, 43.583477], [3.712011, 43.58353], [3.708903, 43.584491], [3.704383, 43.586213], [3.702881, 43.588478], [3.703086, 43.589653], [3.702502, 43.592035], [3.702581, 43.592828], [3.698885, 43.595704], [3.695748, 43.598431], [3.695462, 43.598923], [3.69492, 43.601894], [3.690778, 43.603795], [3.691119, 43.6044], [3.691449, 43.6046], [3.694538, 43.604881], [3.695986, 43.605783], [3.697664, 43.605856], [3.698336, 43.605632], [3.698657, 43.605666], [3.698977, 43.605382], [3.699393, 43.604829], [3.699697, 43.603818], [3.699615, 43.602655], [3.699273, 43.602325], [3.698375, 43.601958], [3.698141, 43.601534], [3.70208, 43.600149], [3.70688, 43.598739], [3.707547, 43.598684], [3.708683, 43.598866], [3.710041, 43.599594], [3.710251, 43.599377], [3.710925, 43.599179], [3.712861, 43.59879], [3.714689, 43.599102], [3.716049, 43.599668]]]}}, {"type": "Feature", "properties": {"nom": "Prades-le-Lez", "code": "34217", "population": 6184, "surface": 878.49, "surface_commune_ha": 878.6, "artif_2018-2021_ha": 2.06, "desartif_2018-2021_ha": 0.0, "net_2018-2021_ha": 2.06, "net_2018-2021_pct": 0.234, "artif_2021-2024_ha": 0.59, "desartif_2021-2024_ha": 0.82, "net_2021-2024_ha": -0.23, "net_2021-2024_pct": -0.026, "tendance_ha": -2.29, "ndvi_moyen": 0.507, "part_vegetation_faible_pct": 4.5, "densite_hab_km2": 705.0, "vulnerabilite_chaleur": 37.1, "risques": "Feu de forêt · Inondation · Mouvement de terrain · Séisme · Tempête", "nb_risques": 5, "tri": "Montpellier-Lunel-Mauguio", "sismicite": "2 - FAIBLE"}, "geometry": {"type": "Polygon", "coordinates": [[[3.883463, 43.689296], [3.883263, 43.687359], [3.880767, 43.687696], [3.879511, 43.687682], [3.865326, 43.683514], [3.864242, 43.683086], [3.862495, 43.681964], [3.862051, 43.682371], [3.860449, 43.683254], [3.861007, 43.684235], [3.860671, 43.684149], [3.860417, 43.684838], [3.859555, 43.684614], [3.857433, 43.685917], [3.857249, 43.687756], [3.85742, 43.68787], [3.856556, 43.689086], [3.854674, 43.690453], [3.855589, 43.692477], [3.854916, 43.692791], [3.85435, 43.693532], [3.854347, 43.694668], [3.854024, 43.695888], [3.854135, 43.696288], [3.855435, 43.697584], [3.855889, 43.699678], [3.854883, 43.700258], [3.855032, 43.70185], [3.855135, 43.702224], [3.856021, 43.702155], [3.856271, 43.702644], [3.856584, 43.702602], [3.857221, 43.704187], [3.8572, 43.704855], [3.857464, 43.705045], [3.857306, 43.705579], [3.858045, 43.70589], [3.857928, 43.706416], [3.858118, 43.706774], [3.857871, 43.707049], [3.858223, 43.707419], [3.857811, 43.708189], [3.857384, 43.708288], [3.857176, 43.708501], [3.857035, 43.70902], [3.857192, 43.709838], [3.856577, 43.711313], [3.855812, 43.71218], [3.854828, 43.713776], [3.854113, 43.714478], [3.851865, 43.714296], [3.849238, 43.715975], [3.848826, 43.716114], [3.847981, 43.716113], [3.847576, 43.716317], [3.847571, 43.716846], [3.848051, 43.7177], [3.84795, 43.718718], [3.847019, 43.719608], [3.846056, 43.722466], [3.846157, 43.723567], [3.847759, 43.724582], [3.854401, 43.727855], [3.85698, 43.726991], [3.85787, 43.727664], [3.861527, 43.729135], [3.864019, 43.729419], [3.86501, 43.729339], [3.865951, 43.728849], [3.866976, 43.729241], [3.867429, 43.729217], [3.867511, 43.729371], [3.867139, 43.729855], [3.865632, 43.730754], [3.866215, 43.731942], [3.866452, 43.733041], [3.86628, 43.733888], [3.868784, 43.733081], [3.873349, 43.732549], [3.874768, 43.731332], [3.875263, 43.729893], [3.875398, 43.728718], [3.87474, 43.725098], [3.874998, 43.724639], [3.875401, 43.724443], [3.875102, 43.724024], [3.875233, 43.723355], [3.87438, 43.721315], [3.873187, 43.720037], [3.87365, 43.719158], [3.873996, 43.717776], [3.874386, 43.717468], [3.875129, 43.716304], [3.875416, 43.714488], [3.875151, 43.713212], [3.867569, 43.713711], [3.866737, 43.713595], [3.867626, 43.709492], [3.868179, 43.709368], [3.867954, 43.70904], [3.867829, 43.707312], [3.867998, 43.704706], [3.8675, 43.70378], [3.868733, 43.703704], [3.869474, 43.703813], [3.87074, 43.702957], [3.870891, 43.702026], [3.872113, 43.701626], [3.873499, 43.701688], [3.874501, 43.702021], [3.876283, 43.701875], [3.876238, 43.701205], [3.877895, 43.700303], [3.878293, 43.700412], [3.878843, 43.699861], [3.879243, 43.699995], [3.879895, 43.69956], [3.880517, 43.69828], [3.881433, 43.697953], [3.881889, 43.697601], [3.881962, 43.696672], [3.881506, 43.695967], [3.880831, 43.695348], [3.880738, 43.69465], [3.882242, 43.691081], [3.883244, 43.69], [3.883463, 43.689296]]]}}, {"type": "Feature", "properties": {"nom": "Restinclières", "code": "34227", "population": 2612, "surface": 626.72, "surface_commune_ha": 626.8, "artif_2018-2021_ha": 4.07, "desartif_2018-2021_ha": 1.4, "net_2018-2021_ha": 2.67, "net_2018-2021_pct": 0.426, "artif_2021-2024_ha": 2.55, "desartif_2021-2024_ha": 0.0, "net_2021-2024_ha": 2.55, "net_2021-2024_pct": 0.407, "tendance_ha": -0.12, "ndvi_moyen": 0.418, "part_vegetation_faible_pct": 7.9, "densite_hab_km2": 417.0, "vulnerabilite_chaleur": 40.3, "risques": "Feu de forêt · Mouvement de terrain · Séisme · Tempête", "nb_risques": 4, "tri": null, "sismicite": "2 - FAIBLE"}, "geometry": {"type": "Polygon", "coordinates": [[[4.049932, 43.74211], [4.051951, 43.740994], [4.055953, 43.738382], [4.05447, 43.730973], [4.054414, 43.726637], [4.054792, 43.725274], [4.054993, 43.722601], [4.05614, 43.720846], [4.055773, 43.719177], [4.056142, 43.718291], [4.053635, 43.716708], [4.050364, 43.716187], [4.049838, 43.715789], [4.046572, 43.714632], [4.045448, 43.713458], [4.044262, 43.712732], [4.043263, 43.712388], [4.041939, 43.711207], [4.039581, 43.70949], [4.038939, 43.708796], [4.038533, 43.707802], [4.036425, 43.709758], [4.035147, 43.70968], [4.035202, 43.708771], [4.033702, 43.70811], [4.032973, 43.707416], [4.030212, 43.705496], [4.027876, 43.705494], [4.025799, 43.706902], [4.02647, 43.70848], [4.026517, 43.710347], [4.022475, 43.717572], [4.023977, 43.718263], [4.025, 43.718993], [4.024898, 43.71912], [4.025811, 43.719487], [4.026672, 43.718782], [4.026866, 43.718756], [4.027427, 43.719089], [4.027915, 43.719077], [4.026453, 43.719804], [4.025452, 43.720557], [4.027388, 43.721367], [4.027809, 43.721727], [4.028399, 43.721921], [4.028316, 43.72204], [4.029141, 43.722192], [4.028942, 43.72298], [4.02873, 43.722942], [4.028424, 43.723278], [4.027421, 43.724874], [4.029384, 43.726127], [4.02978, 43.726775], [4.033164, 43.728906], [4.03255, 43.729397], [4.033734, 43.730065], [4.034832, 43.730157], [4.037305, 43.730836], [4.038513, 43.730947], [4.038859, 43.731211], [4.038376, 43.731336], [4.038824, 43.732137], [4.03812, 43.732448], [4.037748, 43.733073], [4.038389, 43.733972], [4.040447, 43.738894], [4.042713, 43.739754], [4.046498, 43.740288], [4.049932, 43.74211]]]}}, {"type": "Feature", "properties": {"nom": "Saint-Brès", "code": "34244", "population": 3623, "surface": 479.63, "surface_commune_ha": 479.7, "artif_2018-2021_ha": 1.61, "desartif_2018-2021_ha": 2.85, "net_2018-2021_ha": -1.24, "net_2018-2021_pct": -0.258, "artif_2021-2024_ha": 4.51, "desartif_2021-2024_ha": 0.0, "net_2021-2024_ha": 4.51, "net_2021-2024_pct": 0.94, "tendance_ha": 5.75, "ndvi_moyen": 0.341, "part_vegetation_faible_pct": 23.4, "densite_hab_km2": 756.0, "vulnerabilite_chaleur": 75.8, "risques": "Feu de forêt · Mouvement de terrain · Séisme · Tempête", "nb_risques": 4, "tri": null, "sismicite": "2 - FAIBLE"}, "geometry": {"type": "Polygon", "coordinates": [[[4.024871, 43.676547], [4.035611, 43.679707], [4.036061, 43.679495], [4.037906, 43.679739], [4.038446, 43.679687], [4.040604, 43.679022], [4.042297, 43.678899], [4.046241, 43.676251], [4.050686, 43.672934], [4.052634, 43.671278], [4.048776, 43.669476], [4.045861, 43.667721], [4.047367, 43.666716], [4.0482, 43.666716], [4.049197, 43.667144], [4.050494, 43.665538], [4.05047, 43.665432], [4.045869, 43.664413], [4.04628, 43.663737], [4.04851, 43.662598], [4.049612, 43.661772], [4.053801, 43.659315], [4.052479, 43.657904], [4.052233, 43.656933], [4.05177, 43.656745], [4.051699, 43.656518], [4.050153, 43.655768], [4.04875, 43.654265], [4.04674, 43.65315], [4.046549, 43.652887], [4.046918, 43.652504], [4.047156, 43.651404], [4.04537, 43.652232], [4.04313, 43.652679], [4.041455, 43.653744], [4.040279, 43.653267], [4.03913, 43.65458], [4.037978, 43.655353], [4.036281, 43.65611], [4.035399, 43.656944], [4.035071, 43.65758], [4.034312, 43.657436], [4.034215, 43.658299], [4.033243, 43.659176], [4.031028, 43.660599], [4.030454, 43.661798], [4.0294, 43.66237], [4.029353, 43.662827], [4.02896, 43.663304], [4.028327, 43.66359], [4.026458, 43.663815], [4.025761, 43.664427], [4.025239, 43.665793], [4.025308, 43.668004], [4.024366, 43.669294], [4.023474, 43.670108], [4.023054, 43.672082], [4.02254, 43.6728], [4.02266, 43.673974], [4.022066, 43.67478], [4.021797, 43.674853], [4.021515, 43.6754], [4.024376, 43.676228], [4.024871, 43.676547]]]}}, {"type": "Feature", "properties": {"nom": "Saint-Drézéry", "code": "34249", "population": 3006, "surface": 1043.72, "surface_commune_ha": 1043.8, "artif_2018-2021_ha": 4.52, "desartif_2018-2021_ha": 0.9, "net_2018-2021_ha": 3.62, "net_2018-2021_pct": 0.347, "artif_2021-2024_ha": 2.22, "desartif_2021-2024_ha": 1.45, "net_2021-2024_ha": 0.77, "net_2021-2024_pct": 0.074, "tendance_ha": -2.85, "ndvi_moyen": 0.42, "part_vegetation_faible_pct": 7.3, "densite_hab_km2": 288.0, "vulnerabilite_chaleur": 30.6, "risques": "Feu de forêt · Inondation · Mouvement de terrain · Séisme · Tempête", "nb_risques": 5, "tri": null, "sismicite": "2 - FAIBLE"}, "geometry": {"type": "Polygon", "coordinates": [[[4.003108, 43.734152], [4.002295, 43.734296], [4.003024, 43.733576], [4.003786, 43.732155], [4.0035, 43.731855], [4.003649, 43.731738], [4.00314, 43.730679], [4.002948, 43.730369], [4.002636, 43.730267], [4.002775, 43.729528], [4.002337, 43.729225], [4.002748, 43.728826], [4.002466, 43.728829], [4.002253, 43.727764], [4.001926, 43.727527], [4.002277, 43.727381], [4.001538, 43.726889], [4.001346, 43.726398], [4.00015, 43.725952], [3.997608, 43.724003], [3.994806, 43.722287], [3.991911, 43.717728], [3.991204, 43.715623], [3.990451, 43.715307], [3.99062, 43.715045], [3.990324, 43.71485], [3.9897, 43.713626], [3.988882, 43.713336], [3.986521, 43.712686], [3.984727, 43.712974], [3.984111, 43.71327], [3.983538, 43.713352], [3.983527, 43.713749], [3.983036, 43.713989], [3.981732, 43.715378], [3.981351, 43.715654], [3.980271, 43.716018], [3.979672, 43.716555], [3.978952, 43.716836], [3.977097, 43.717024], [3.975962, 43.717395], [3.97489, 43.717303], [3.974024, 43.716839], [3.972726, 43.716609], [3.971604, 43.716737], [3.97092, 43.716429], [3.968889, 43.716846], [3.965224, 43.716077], [3.964372, 43.716068], [3.964064, 43.715089], [3.964062, 43.714025], [3.963821, 43.713575], [3.957485, 43.713775], [3.956679, 43.713553], [3.956637, 43.713893], [3.956277, 43.713738], [3.949011, 43.717412], [3.953795, 43.722374], [3.954337, 43.723297], [3.954731, 43.724716], [3.954783, 43.72621], [3.955373, 43.727424], [3.955578, 43.729037], [3.955743, 43.729556], [3.956086, 43.729544], [3.957332, 43.733936], [3.958462, 43.736723], [3.958186, 43.7384], [3.959434, 43.738383], [3.960698, 43.737968], [3.962072, 43.738095], [3.963613, 43.738669], [3.964791, 43.738573], [3.965405, 43.738077], [3.967754, 43.737533], [3.967974, 43.737772], [3.967842, 43.737993], [3.968594, 43.738193], [3.968861, 43.738807], [3.969938, 43.738577], [3.970937, 43.738634], [3.971864, 43.739025], [3.971784, 43.739179], [3.972635, 43.739578], [3.97281, 43.739442], [3.973455, 43.739989], [3.973282, 43.740205], [3.974487, 43.741045], [3.974677, 43.74113], [3.974857, 43.741006], [3.975423, 43.741839], [3.975755, 43.741618], [3.977044, 43.742281], [3.977218, 43.742847], [3.97817, 43.742615], [3.979126, 43.743568], [3.980152, 43.744228], [3.981968, 43.744177], [3.982089, 43.744592], [3.982818, 43.745515], [3.983324, 43.745802], [3.983969, 43.745808], [3.984197, 43.746177], [3.984755, 43.7464], [3.987443, 43.748883], [3.988198, 43.748778], [3.988915, 43.748884], [3.989372, 43.748792], [3.989658, 43.748562], [3.990133, 43.748594], [3.990372, 43.748222], [3.989822, 43.747837], [3.990119, 43.74765], [3.990916, 43.747991], [3.991299, 43.747735], [3.992435, 43.747998], [3.992968, 43.748777], [3.993547, 43.748807], [3.993312, 43.748385], [3.993242, 43.747549], [3.993422, 43.746928], [3.993151, 43.746419], [3.993397, 43.745018], [3.994112, 43.743394], [3.993976, 43.743336], [3.995984, 43.739327], [3.997392, 43.737926], [3.997586, 43.737982], [3.998516, 43.737493], [3.999647, 43.737232], [4.001336, 43.735074], [4.003108, 43.734152]]]}}, {"type": "Feature", "properties": {"nom": "Saint-Geniès-des-Mourgues", "code": "34256", "population": 2148, "surface": 1094.73, "surface_commune_ha": 1094.9, "artif_2018-2021_ha": 1.13, "desartif_2018-2021_ha": 0.15, "net_2018-2021_ha": 0.98, "net_2018-2021_pct": 0.09, "artif_2021-2024_ha": 0.83, "desartif_2021-2024_ha": 3.5, "net_2021-2024_ha": -2.67, "net_2021-2024_pct": -0.244, "tendance_ha": -3.65, "ndvi_moyen": 0.466, "part_vegetation_faible_pct": 7.6, "densite_hab_km2": 196.0, "vulnerabilite_chaleur": 22.6, "risques": "Feu de forêt · Inondation · Mouvement de terrain · Séisme · Tempête", "nb_risques": 5, "tri": null, "sismicite": "2 - FAIBLE"}, "geometry": {"type": "Polygon", "coordinates": [[[4.040957, 43.681317], [4.031705, 43.678546], [4.026691, 43.683531], [4.025725, 43.684425], [4.025359, 43.68444], [4.0256, 43.684913], [4.024976, 43.685107], [4.025023, 43.685273], [4.021946, 43.688674], [4.017524, 43.693265], [4.014284, 43.694204], [4.012307, 43.694593], [4.011296, 43.696558], [4.010791, 43.699597], [4.011965, 43.70149], [4.01187, 43.703486], [4.012623, 43.70413], [4.012559, 43.704403], [4.013436, 43.707267], [4.013566, 43.708248], [4.012923, 43.709535], [4.012836, 43.710184], [4.019912, 43.712503], [4.023191, 43.710846], [4.0262, 43.710872], [4.026517, 43.710347], [4.026549, 43.708889], [4.025799, 43.706902], [4.027876, 43.705494], [4.028938, 43.705559], [4.029993, 43.705409], [4.032973, 43.707416], [4.033702, 43.70811], [4.035202, 43.708771], [4.035147, 43.70968], [4.036425, 43.709758], [4.038533, 43.707802], [4.038939, 43.708796], [4.039581, 43.70949], [4.041939, 43.711207], [4.043263, 43.712388], [4.044262, 43.712732], [4.045448, 43.713458], [4.046572, 43.714632], [4.049838, 43.715789], [4.051873, 43.712344], [4.052513, 43.711619], [4.053264, 43.711157], [4.054081, 43.709499], [4.056079, 43.708604], [4.058112, 43.707312], [4.060086, 43.70211], [4.061297, 43.70135], [4.063225, 43.698258], [4.064065, 43.697829], [4.064599, 43.697743], [4.064689, 43.697308], [4.064114, 43.693242], [4.065663, 43.689871], [4.064334, 43.690214], [4.062627, 43.691118], [4.061652, 43.691369], [4.057066, 43.691584], [4.054904, 43.691888], [4.054414, 43.69117], [4.053265, 43.688539], [4.055358, 43.687136], [4.057534, 43.686243], [4.046353, 43.682917], [4.044031, 43.681951], [4.043206, 43.681335], [4.040957, 43.681317]]]}}, {"type": "Feature", "properties": {"nom": "Saint-Georges-d'Orques", "code": "34259", "population": 5676, "surface": 932.56, "surface_commune_ha": 932.8, "artif_2018-2021_ha": 0.47, "desartif_2018-2021_ha": 0.87, "net_2018-2021_ha": -0.4, "net_2018-2021_pct": -0.043, "artif_2021-2024_ha": 0.47, "desartif_2021-2024_ha": 0.35, "net_2021-2024_ha": 0.12, "net_2021-2024_pct": 0.013, "tendance_ha": 0.52, "ndvi_moyen": 0.469, "part_vegetation_faible_pct": 6.7, "densite_hab_km2": 609.0, "vulnerabilite_chaleur": 41.1, "risques": "Feu de forêt · Mouvement de terrain · Séisme · Tempête", "nb_risques": 4, "tri": null, "sismicite": "2 - FAIBLE"}, "geometry": {"type": "Polygon", "coordinates": [[[3.745886, 43.629128], [3.746045, 43.629268], [3.746078, 43.631144], [3.746893, 43.632419], [3.747229, 43.633607], [3.748322, 43.634656], [3.750826, 43.633482], [3.752427, 43.634833], [3.754695, 43.635949], [3.760305, 43.635406], [3.761092, 43.635903], [3.761402, 43.63586], [3.764852, 43.63118], [3.769895, 43.63004], [3.771157, 43.629856], [3.772464, 43.630016], [3.77398, 43.629622], [3.774534, 43.629319], [3.774441, 43.628393], [3.774814, 43.627853], [3.775796, 43.627181], [3.777725, 43.627546], [3.77877, 43.628423], [3.779904, 43.628473], [3.780905, 43.628336], [3.781123, 43.628094], [3.781035, 43.626757], [3.780646, 43.626565], [3.779551, 43.626483], [3.778098, 43.625649], [3.778015, 43.625155], [3.778423, 43.624364], [3.779214, 43.62382], [3.779967, 43.623902], [3.781614, 43.624766], [3.782288, 43.624743], [3.782593, 43.624548], [3.782691, 43.623378], [3.782467, 43.622166], [3.783057, 43.620592], [3.783724, 43.620054], [3.784762, 43.619631], [3.785042, 43.618944], [3.78661, 43.617849], [3.78781, 43.615549], [3.78839, 43.615151], [3.788619, 43.615147], [3.789645, 43.615884], [3.790489, 43.615971], [3.791758, 43.61527], [3.794729, 43.614396], [3.79598, 43.614221], [3.796919, 43.611917], [3.799064, 43.610161], [3.799215, 43.609773], [3.800037, 43.609245], [3.801342, 43.608881], [3.802148, 43.608313], [3.803207, 43.608058], [3.802768, 43.607715], [3.803404, 43.607278], [3.804833, 43.60534], [3.806133, 43.604247], [3.805074, 43.60353], [3.805663, 43.603153], [3.806305, 43.602129], [3.805794, 43.601642], [3.804861, 43.601525], [3.804585, 43.601037], [3.803847, 43.601073], [3.803347, 43.600833], [3.804761, 43.600118], [3.805634, 43.599209], [3.804837, 43.598988], [3.803836, 43.598933], [3.798121, 43.599583], [3.799005, 43.597553], [3.79857, 43.597589], [3.794581, 43.598796], [3.791295, 43.600097], [3.788639, 43.602275], [3.787483, 43.601754], [3.784747, 43.600047], [3.784202, 43.599974], [3.783361, 43.599411], [3.781177, 43.600414], [3.779702, 43.601316], [3.779311, 43.602119], [3.777832, 43.603306], [3.775723, 43.604449], [3.772241, 43.605886], [3.771459, 43.606047], [3.770297, 43.607417], [3.769032, 43.608157], [3.768166, 43.609365], [3.766446, 43.610374], [3.765566, 43.61162], [3.764376, 43.612823], [3.762483, 43.615892], [3.76145, 43.616807], [3.760344, 43.617143], [3.760068, 43.617356], [3.759845, 43.618375], [3.758733, 43.619051], [3.75859, 43.619423], [3.759148, 43.620361], [3.757941, 43.621821], [3.757198, 43.621967], [3.756562, 43.621686], [3.756807, 43.620819], [3.755686, 43.619967], [3.75617, 43.619149], [3.755976, 43.618338], [3.753835, 43.616926], [3.753488, 43.616914], [3.752668, 43.616536], [3.752137, 43.616808], [3.751769, 43.617224], [3.751067, 43.618341], [3.750402, 43.619955], [3.750091, 43.620277], [3.745902, 43.621038], [3.74427, 43.621629], [3.743852, 43.622214], [3.743633, 43.623335], [3.743709, 43.623919], [3.744274, 43.624877], [3.745507, 43.625182], [3.745754, 43.625409], [3.745581, 43.626307], [3.744905, 43.626283], [3.745163, 43.627159], [3.745025, 43.627707], [3.746222, 43.628728], [3.745886, 43.629128]]]}}, {"type": "Feature", "properties": {"nom": "Saint-Jean-de-Védas", "code": "34270", "population": 13328, "surface": 1316.2, "surface_commune_ha": 1316.7, "artif_2018-2021_ha": 7.79, "desartif_2018-2021_ha": 1.08, "net_2018-2021_ha": 6.71, "net_2018-2021_pct": 0.51, "artif_2021-2024_ha": 3.78, "desartif_2021-2024_ha": 0.02, "net_2021-2024_ha": 3.76, "net_2021-2024_pct": 0.286, "tendance_ha": -2.95, "ndvi_moyen": 0.365, "part_vegetation_faible_pct": 21.3, "densite_hab_km2": 1014.0, "vulnerabilite_chaleur": 80.6, "risques": "Feu de forêt · Inondation · Mouvement de terrain · Séisme · Tempête", "nb_risques": 5, "tri": "Montpellier-Lunel-Mauguio", "sismicite": "2 - FAIBLE"}, "geometry": {"type": "Polygon", "coordinates": [[[3.860586, 43.566722], [3.859934, 43.566627], [3.85829, 43.567131], [3.857251, 43.565662], [3.855944, 43.564376], [3.855533, 43.563108], [3.854878, 43.561915], [3.854338, 43.561477], [3.852428, 43.560574], [3.85091, 43.559184], [3.848586, 43.554133], [3.848242, 43.553728], [3.847643, 43.553485], [3.847282, 43.555321], [3.84708, 43.555877], [3.846812, 43.556072], [3.846158, 43.55617], [3.843807, 43.555436], [3.84246, 43.555269], [3.84087, 43.554819], [3.836152, 43.554567], [3.835332, 43.554669], [3.834662, 43.555036], [3.833517, 43.555904], [3.832715, 43.556994], [3.832214, 43.557178], [3.831154, 43.556924], [3.829853, 43.556293], [3.828607, 43.555116], [3.828529, 43.554473], [3.828009, 43.554117], [3.825662, 43.553526], [3.825291, 43.553159], [3.824876, 43.552025], [3.824545, 43.551745], [3.823303, 43.551197], [3.822702, 43.551197], [3.821918, 43.551525], [3.821223, 43.552105], [3.818838, 43.554822], [3.817903, 43.555601], [3.817022, 43.556814], [3.816205, 43.558571], [3.815194, 43.559592], [3.813556, 43.560071], [3.812039, 43.559944], [3.810344, 43.55867], [3.809106, 43.558028], [3.807946, 43.557731], [3.807321, 43.557825], [3.806975, 43.558493], [3.807036, 43.560268], [3.80665, 43.561335], [3.806994, 43.562582], [3.805822, 43.565876], [3.805238, 43.566523], [3.805144, 43.56721], [3.806397, 43.56797], [3.808197, 43.56862], [3.810276, 43.570509], [3.811437, 43.571073], [3.812271, 43.571244], [3.812778, 43.571843], [3.814211, 43.572492], [3.814256, 43.57303], [3.814967, 43.57344], [3.815321, 43.574914], [3.815037, 43.575609], [3.815524, 43.576457], [3.81517, 43.577173], [3.815265, 43.577866], [3.814873, 43.578575], [3.814907, 43.579039], [3.814607, 43.579323], [3.814809, 43.579875], [3.815412, 43.580413], [3.815404, 43.581283], [3.816516, 43.58327], [3.816501, 43.584597], [3.816186, 43.585056], [3.816112, 43.585757], [3.816808, 43.586591], [3.816705, 43.587417], [3.817183, 43.589022], [3.816884, 43.590172], [3.816256, 43.591224], [3.819869, 43.592482], [3.820701, 43.592633], [3.824584, 43.593094], [3.827814, 43.592698], [3.828653, 43.592729], [3.834683, 43.59408], [3.835677, 43.594624], [3.83618, 43.595305], [3.837177, 43.594209], [3.837671, 43.593359], [3.838834, 43.592335], [3.840529, 43.589802], [3.842259, 43.587786], [3.843307, 43.587168], [3.844379, 43.586258], [3.847015, 43.585007], [3.84828, 43.584093], [3.849808, 43.581759], [3.853374, 43.577195], [3.853952, 43.57577], [3.855497, 43.57399], [3.857704, 43.571881], [3.857947, 43.570927], [3.859179, 43.570141], [3.859625, 43.568917], [3.860424, 43.567559], [3.860586, 43.566722]]]}}, {"type": "Feature", "properties": {"nom": "Saussan", "code": "34295", "population": 2069, "surface": 360.35, "surface_commune_ha": 360.5, "artif_2018-2021_ha": 7.12, "desartif_2018-2021_ha": 0.6, "net_2018-2021_ha": 6.52, "net_2018-2021_pct": 1.809, "artif_2021-2024_ha": 2.79, "desartif_2021-2024_ha": 0.0, "net_2021-2024_ha": 2.79, "net_2021-2024_pct": 0.774, "tendance_ha": -3.73, "ndvi_moyen": 0.372, "part_vegetation_faible_pct": 16.9, "densite_hab_km2": 575.0, "vulnerabilite_chaleur": 62.9, "risques": "Inondation · Mouvement de terrain · Séisme · Tempête", "nb_risques": 4, "tri": "Montpellier-Lunel-Mauguio", "sismicite": "2 - FAIBLE"}, "geometry": {"type": "Polygon", "coordinates": [[[3.806934, 43.56227], [3.804367, 43.5638], [3.803445, 43.563745], [3.802652, 43.563875], [3.802223, 43.564129], [3.801424, 43.564285], [3.800629, 43.564858], [3.799534, 43.56515], [3.797502, 43.566151], [3.796369, 43.565883], [3.795583, 43.56485], [3.795206, 43.565009], [3.794306, 43.565062], [3.792312, 43.563094], [3.789847, 43.564636], [3.787692, 43.56651], [3.784572, 43.568716], [3.784192, 43.568817], [3.782029, 43.56824], [3.780929, 43.56769], [3.773051, 43.562195], [3.771244, 43.561322], [3.765274, 43.557314], [3.764726, 43.558187], [3.76392, 43.558298], [3.763344, 43.557922], [3.76231, 43.556495], [3.761506, 43.555907], [3.761143, 43.555762], [3.760438, 43.556043], [3.76028, 43.555957], [3.759824, 43.556233], [3.760335, 43.55679], [3.759958, 43.557272], [3.760933, 43.558851], [3.762136, 43.562732], [3.763657, 43.564341], [3.763889, 43.564808], [3.764548, 43.565285], [3.764809, 43.570256], [3.76666, 43.570401], [3.766649, 43.570268], [3.767107, 43.570497], [3.767291, 43.570819], [3.766016, 43.572993], [3.768715, 43.573882], [3.768929, 43.574269], [3.770135, 43.574605], [3.771773, 43.574688], [3.774525, 43.574444], [3.77531, 43.576186], [3.775467, 43.576144], [3.776867, 43.578346], [3.777171, 43.578182], [3.777723, 43.578727], [3.779922, 43.577223], [3.782849, 43.579462], [3.787574, 43.57625], [3.787407, 43.576183], [3.78856, 43.575549], [3.788472, 43.575348], [3.78915, 43.574768], [3.790708, 43.574179], [3.79027, 43.573895], [3.79146, 43.572976], [3.791858, 43.57324], [3.79261, 43.572527], [3.793296, 43.57216], [3.793508, 43.571682], [3.793137, 43.571454], [3.793583, 43.571362], [3.793301, 43.570247], [3.793852, 43.569633], [3.796486, 43.568775], [3.796853, 43.569649], [3.80077, 43.568101], [3.80268, 43.567526], [3.805187, 43.567292], [3.805238, 43.566523], [3.805822, 43.565876], [3.806221, 43.564959], [3.806994, 43.562582], [3.806934, 43.56227]]]}}, {"type": "Feature", "properties": {"nom": "Sussargues", "code": "34307", "population": 2840, "surface": 644.93, "surface_commune_ha": 645.0, "artif_2018-2021_ha": 0.65, "desartif_2018-2021_ha": 1.65, "net_2018-2021_ha": -1.0, "net_2018-2021_pct": -0.155, "artif_2021-2024_ha": 1.29, "desartif_2021-2024_ha": 0.0, "net_2021-2024_ha": 1.29, "net_2021-2024_pct": 0.2, "tendance_ha": 2.29, "ndvi_moyen": 0.476, "part_vegetation_faible_pct": 4.8, "densite_hab_km2": 441.0, "vulnerabilite_chaleur": 27.4, "risques": "Feu de forêt · Inondation · Mouvement de terrain · Séisme · Tempête", "nb_risques": 5, "tri": null, "sismicite": "2 - FAIBLE"}, "geometry": {"type": "Polygon", "coordinates": [[[4.001346, 43.726398], [4.001306, 43.725713], [4.001982, 43.724688], [4.002086, 43.722465], [4.002281, 43.721939], [4.002037, 43.720614], [4.00219, 43.720289], [4.003082, 43.719418], [4.004857, 43.718258], [4.006139, 43.71804], [4.006891, 43.717629], [4.007466, 43.717542], [4.00789, 43.716726], [4.008315, 43.716341], [4.008185, 43.715777], [4.008509, 43.71569], [4.008843, 43.715067], [4.009704, 43.714292], [4.011319, 43.714204], [4.012484, 43.713523], [4.012494, 43.712447], [4.012184, 43.711759], [4.01295, 43.710914], [4.012789, 43.710391], [4.012923, 43.709535], [4.013314, 43.70891], [4.013547, 43.707929], [4.012559, 43.704403], [4.012623, 43.70413], [4.01187, 43.703486], [4.011965, 43.70149], [4.010791, 43.699597], [4.011296, 43.696558], [4.012307, 43.694593], [4.010295, 43.69584], [4.010335, 43.69537], [4.002435, 43.697885], [3.999051, 43.699374], [3.998949, 43.699259], [3.996155, 43.699656], [3.995579, 43.700467], [3.994477, 43.70031], [3.993434, 43.700371], [3.98929, 43.701433], [3.985494, 43.701917], [3.984379, 43.702593], [3.982778, 43.702138], [3.982448, 43.70277], [3.979392, 43.705775], [3.97824, 43.706544], [3.976178, 43.707119], [3.972486, 43.707248], [3.965028, 43.712322], [3.963331, 43.712689], [3.964062, 43.714025], [3.964064, 43.715089], [3.964372, 43.716068], [3.965224, 43.716077], [3.968889, 43.716846], [3.97092, 43.716429], [3.971604, 43.716737], [3.972726, 43.716609], [3.974024, 43.716839], [3.97489, 43.717303], [3.975962, 43.717395], [3.977097, 43.717024], [3.978952, 43.716836], [3.979672, 43.716555], [3.980271, 43.716018], [3.981351, 43.715654], [3.981732, 43.715378], [3.983036, 43.713989], [3.983527, 43.713749], [3.983538, 43.713352], [3.984111, 43.71327], [3.984727, 43.712974], [3.986521, 43.712686], [3.9897, 43.713626], [3.990324, 43.71485], [3.99062, 43.715045], [3.990451, 43.715307], [3.991204, 43.715623], [3.991911, 43.717728], [3.994806, 43.722287], [3.997608, 43.724003], [4.00015, 43.725952], [4.001346, 43.726398]]]}}, {"type": "Feature", "properties": {"nom": "Vendargues", "code": "34327", "population": 7262, "surface": 919.02, "surface_commune_ha": 919.2, "artif_2018-2021_ha": 1.49, "desartif_2018-2021_ha": 3.74, "net_2018-2021_ha": -2.25, "net_2018-2021_pct": -0.245, "artif_2021-2024_ha": 0.73, "desartif_2021-2024_ha": 7.96, "net_2021-2024_ha": -7.23, "net_2021-2024_pct": -0.787, "tendance_ha": -4.98, "ndvi_moyen": 0.356, "part_vegetation_faible_pct": 27.5, "densite_hab_km2": 791.0, "vulnerabilite_chaleur": 85.5, "risques": "Feu de forêt · Mouvement de terrain · Séisme · Tempête", "nb_risques": 4, "tri": "Montpellier-Lunel-Mauguio", "sismicite": "2 - FAIBLE"}, "geometry": {"type": "Polygon", "coordinates": [[[3.949363, 43.669306], [3.949341, 43.670707], [3.94899, 43.671293], [3.949413, 43.672766], [3.949348, 43.674167], [3.946392, 43.676911], [3.951591, 43.68019], [3.953948, 43.681153], [3.956876, 43.679113], [3.956874, 43.678862], [3.957746, 43.67778], [3.958794, 43.677979], [3.959521, 43.677546], [3.960737, 43.677165], [3.962455, 43.676366], [3.963394, 43.675588], [3.970775, 43.667591], [3.971277, 43.667596], [3.972034, 43.667085], [3.972849, 43.667953], [3.973326, 43.667749], [3.973908, 43.667185], [3.97447, 43.667416], [3.974989, 43.666852], [3.975307, 43.667018], [3.97548, 43.666857], [3.97645, 43.667367], [3.977491, 43.666122], [3.978553, 43.666186], [3.981677, 43.664903], [3.982251, 43.663937], [3.982718, 43.663935], [3.984496, 43.664486], [3.984851, 43.663774], [3.985335, 43.663899], [3.985719, 43.663478], [3.986255, 43.66361], [3.986544, 43.6625], [3.987568, 43.662403], [3.986877, 43.661119], [3.988367, 43.660211], [3.989076, 43.661501], [3.990283, 43.661864], [3.990882, 43.661745], [3.990721, 43.661458], [3.991321, 43.661104], [3.991081, 43.660747], [3.991955, 43.660495], [3.991582, 43.659547], [3.989673, 43.659869], [3.990363, 43.659035], [3.992591, 43.657314], [3.992892, 43.657483], [3.993492, 43.656406], [3.994071, 43.653675], [3.992175, 43.653548], [3.990315, 43.653764], [3.988353, 43.654236], [3.986122, 43.654455], [3.980395, 43.653054], [3.976869, 43.652458], [3.973984, 43.651118], [3.971354, 43.64959], [3.965508, 43.64723], [3.956025, 43.644282], [3.950688, 43.643554], [3.95009, 43.643931], [3.949773, 43.643832], [3.949189, 43.644712], [3.948503, 43.64647], [3.947099, 43.647711], [3.946675, 43.648392], [3.946364, 43.64972], [3.947004, 43.651272], [3.946977, 43.652506], [3.9463, 43.652993], [3.944807, 43.653354], [3.946865, 43.660549], [3.94595, 43.66055], [3.945606, 43.662816], [3.945163, 43.663672], [3.944832, 43.663699], [3.944576, 43.663951], [3.944282, 43.663824], [3.943912, 43.664174], [3.943259, 43.664145], [3.942773, 43.66478], [3.941664, 43.664242], [3.941481, 43.664502], [3.940897, 43.664388], [3.940625, 43.664173], [3.940818, 43.663921], [3.940489, 43.663812], [3.94091, 43.662448], [3.939814, 43.6622], [3.938556, 43.661605], [3.937382, 43.667353], [3.945071, 43.668666], [3.946496, 43.668801], [3.949515, 43.668703], [3.949661, 43.668996], [3.949363, 43.669306]]]}}, {"type": "Feature", "properties": {"nom": "Villeneuve-lès-Maguelone", "code": "34337", "population": 10872, "surface": 3118.9, "surface_commune_ha": 3120.2, "artif_2018-2021_ha": 1.54, "desartif_2018-2021_ha": 1.57, "net_2018-2021_ha": -0.03, "net_2018-2021_pct": -0.001, "artif_2021-2024_ha": 3.29, "desartif_2021-2024_ha": 0.0, "net_2021-2024_ha": 3.29, "net_2021-2024_pct": 0.105, "tendance_ha": 3.32, "ndvi_moyen": 0.335, "part_vegetation_faible_pct": 24.9, "densite_hab_km2": 349.0, "vulnerabilite_chaleur": 61.3, "risques": "Feu de forêt · Inondation · Mouvement de terrain · Séisme · Tempête", "nb_risques": 5, "tri": "Montpellier-Lunel-Mauguio", "sismicite": "2 - FAIBLE"}, "geometry": {"type": "MultiPolygon", "coordinates": [[[[3.825793, 43.466781], [3.826304, 43.466931], [3.825773, 43.467792], [3.826066, 43.468419], [3.825933, 43.469313], [3.826433, 43.471077], [3.827013, 43.471396], [3.827387, 43.471422], [3.829878, 43.470216], [3.826039, 43.466615], [3.825793, 43.466781]]], [[[3.899914, 43.540224], [3.898761, 43.525598], [3.898886, 43.523801], [3.900726, 43.522517], [3.907439, 43.517134], [3.903713, 43.515552], [3.891931, 43.509867], [3.889286, 43.508464], [3.889253, 43.508266], [3.884618, 43.505943], [3.872712, 43.499234], [3.87139, 43.498647], [3.863608, 43.49412], [3.85207, 43.487015], [3.843835, 43.481519], [3.83472, 43.474652], [3.830401, 43.470755], [3.82962, 43.471698], [3.83028, 43.472379], [3.831667, 43.472584], [3.831916, 43.472759], [3.834912, 43.475617], [3.83429, 43.475909], [3.83328, 43.475846], [3.832463, 43.477044], [3.83251, 43.477348], [3.832804, 43.477417], [3.833194, 43.477031], [3.837493, 43.478777], [3.838883, 43.47839], [3.842038, 43.480709], [3.842482, 43.481819], [3.843178, 43.481988], [3.843355, 43.482341], [3.844611, 43.482288], [3.844807, 43.483033], [3.846419, 43.483937], [3.846104, 43.48491], [3.846674, 43.485379], [3.849634, 43.48645], [3.850143, 43.487177], [3.850867, 43.48674], [3.851469, 43.487255], [3.852911, 43.488], [3.854769, 43.489389], [3.856275, 43.491444], [3.859134, 43.491631], [3.860375, 43.492453], [3.858926, 43.493625], [3.859312, 43.493928], [3.84737, 43.504346], [3.845284, 43.506406], [3.84275, 43.506819], [3.840241, 43.506944], [3.839581, 43.507298], [3.83726, 43.507562], [3.836859, 43.507463], [3.836624, 43.507214], [3.835508, 43.507218], [3.835017, 43.507003], [3.833815, 43.507168], [3.832614, 43.507103], [3.832014, 43.506893], [3.832524, 43.508247], [3.831077, 43.509121], [3.830702, 43.509691], [3.830524, 43.510366], [3.831073, 43.511689], [3.830641, 43.511942], [3.830475, 43.512689], [3.831887, 43.513974], [3.831884, 43.514419], [3.832365, 43.514953], [3.83219, 43.515122], [3.834585, 43.517775], [3.831746, 43.519016], [3.830752, 43.520454], [3.829708, 43.521159], [3.828941, 43.522035], [3.826581, 43.522473], [3.823659, 43.524119], [3.822357, 43.525316], [3.821026, 43.525861], [3.810422, 43.531566], [3.817127, 43.534756], [3.818182, 43.537717], [3.81829, 43.539128], [3.818044, 43.539676], [3.816257, 43.541125], [3.815917, 43.543318], [3.817137, 43.544379], [3.817399, 43.545517], [3.820231, 43.549555], [3.8223, 43.550034], [3.824143, 43.551568], [3.824748, 43.551878], [3.825291, 43.553159], [3.825662, 43.553526], [3.828009, 43.554117], [3.828529, 43.554473], [3.828607, 43.555116], [3.829853, 43.556293], [3.831518, 43.557023], [3.832214, 43.557178], [3.832715, 43.556994], [3.833517, 43.555904], [3.834662, 43.555036], [3.835332, 43.554669], [3.836152, 43.554567], [3.84087, 43.554819], [3.84246, 43.555269], [3.843807, 43.555436], [3.846158, 43.55617], [3.846504, 43.556145], [3.84708, 43.555877], [3.847766, 43.552574], [3.848229, 43.55155], [3.849454, 43.550604], [3.849683, 43.549952], [3.852386, 43.547619], [3.852998, 43.545827], [3.854239, 43.544766], [3.855081, 43.544576], [3.857777, 43.544602], [3.86269, 43.545678], [3.863054, 43.545966], [3.863265, 43.547959], [3.863538, 43.548358], [3.864403, 43.548764], [3.865236, 43.549702], [3.865717, 43.549764], [3.866245, 43.549497], [3.867178, 43.548131], [3.868296, 43.547078], [3.870018, 43.546794], [3.870804, 43.546996], [3.871553, 43.547669], [3.871913, 43.547766], [3.873352, 43.547502], [3.873559, 43.547109], [3.873082, 43.546459], [3.873318, 43.545801], [3.87405, 43.54538], [3.875774, 43.545185], [3.878151, 43.544094], [3.87844, 43.543756], [3.878587, 43.542046], [3.879538, 43.541773], [3.880868, 43.5409], [3.881758, 43.541162], [3.882623, 43.541191], [3.88463, 43.540302], [3.885764, 43.539508], [3.885999, 43.539538], [3.887228, 43.54052], [3.888258, 43.540785], [3.892451, 43.540188], [3.89334, 43.540401], [3.896236, 43.540526], [3.896544, 43.540815], [3.897677, 43.540964], [3.899914, 43.540224]]]]}}]}